"token_address","name","symbol","decimals","logo_uri"
"0x770f0eBF03E277F491c874636BE695EF697ECEd7","Kekius Maximus (kekiusmaximus.vip)","KEKIUS",8,NULL
"0x2F445A25740aC17090BE8a41Ca6F69c2CC62856c","Alchemy","Alchemy",6,NULL
"0x986212C7fD5117c4bbACA7AedBE0610501b32fFE","House","HOUSE",3,NULL
"0xd2f58f8a18fc9636f9122dbdc7e0a5b0d3f9fd09","GROD","GROD",18,NULL
"0xEabab12bb6A3A31341F763Ee4495535990EE3dcF","Bad Silly Cat","BSC",18,NULL
"0x47a1eb0b825b73e6a14807beaecafef199d5477c","CaptainBNB","CAPTAINBNB",18,"https://dd.dexscreener.com/ds-data/tokens/bsc/0x47a1eb0b825b73e6a14807beaecafef199d5477c.png?size=xl"
"0x8193acB1b2Fc2060de765Ce03aeB9A393A737bb6","Assisterr AI","ASRR",18,NULL
"0x467D28B6f3a96fC5c122434d5dE860bcd1B83563","Moolah","MOOLAH",8,NULL
"0x5D3609b39c9D308152f16582a4C6306B77f04444","The America party","TAP",9,NULL
"0x39Ec28CD2EA71e3B21B69D6Ca631414F03d7acdF","TENGE TENGE","TENGE",18,NULL
"0x945cD29a40629aDA610c2F6EBa3F393756aa4444","USD1DOGE","USD1DOGE",18,"https://coin-images.coingecko.com/coins/images/55975/large/71e95ad1-ee67-4427-9050-ceaca8713d2c18056700683897353050.jpg?1747903627"
"0x1bD09A517bA302B866AF46bF6B8DAe348F85C68f","Baby Pancake Bunny","BabyBUNNY",9,NULL
"0x133ebe63E30b34056cAbEDeb1EC0d81bB63D4444","DeAI","DeAI",18,NULL
"0x648026E808b63470D29A908e3AE5900069c7BFC6","moonpig","moonpig",18,NULL
"0x3011b1bC3152a4641BebF4E74e1FE9cF707789d2","pump.fun","PUMP",18,NULL
"0x02c4bd23E1c3211885373dD8A947387CC67EC3E8","PI TRUMP (pitrumphub.com)","PI",8,NULL
"0x4B0796074f4c33bf530bD4eDC23a8D1604384444","Binance ID","ID BINANCE",18,NULL
"0x23565C2830E1C5Aeb6c69c2f1ebFDa9810d8C79c","PEPE ONE","P1",18,NULL
"0xE704775D1568aC0dc1eF3785A942Fd05D50918e7","xx-2","xx-2",18,NULL
"0xAd7441Fb1150B88C7bf5805Fe7284C6FD2ca4444","Lawpie","BNB",18,NULL
"0xB9f6a1E6713a3FF76bF2b2f2664F1a102e654eCC","Hangover Kitty","HKITTY",18,NULL
"0xF5cA500DFeF795961C90BB5A8FbAD7d3a3de4444","BAO Inu","BAO",18,NULL
"0x8a1B199B2975aB3fc7294851bfCB43311D8ed5d0","Elon Garlic","EGARLIC",18,NULL
"0x51062c11D59Cbe6E71443863C158431A84bA4d24","SLOTH","SLOTH",18,NULL
"0x978aB3D5A5C39bCBb2a15f2ad324187dD7cBf952","Rank","RAN",18,"https://coin-images.coingecko.com/coins/images/51928/large/Asset_2_2x.png?1750494485"
"0xb301c7c99055E727aDf2A28F9BDE6A35FD3a4f1D","BULLA","BULLA",18,NULL
"0x0e1A71A49F15a1333B6cAb1fEA57CF43FcA4C7Eb","Little Black Swan","LBS",9,NULL
"0x966CD7d7897E8a1d2C7801b850bA5A3E71006999","LamboHabibi","LAMBOHABIBI",18,NULL
"0x6bF1A01c01F29841ab0Bdc4C8955A19C3a054444","PAT","P",18,NULL
"0xa2f937DCbB7F1aBdFE6271299987483cd8247fcb","USDT","USDT",18,NULL
"0x46a169D6B8c39701ab1eDD31b802758cE37dBd66","Pimp Whale","PWHALE",18,NULL
"0x78c81a23d41849e12354c6C8Ba72dAB268084444","Psyduck","Psyduck",18,NULL
"0xfC19B1d63E2CEfDE7c0275Ae49Af094047A44444","AIBOT","AIBOT",18,NULL
"0x27B327f3a5d47c2D4C329CD40a03394C90EaD870","BNB MASCOT","BNBMSCOT",9,NULL
"0x3928a3dd66d142f312e638deee055540fe332d1a","BloggerCoin","BLOGGER",18,NULL
"0x575d9AA32f4C0D05b1e3Bd98b5A869221A384444","GOKU","GOKU",18,NULL
"0x0CbED0FD6C177AeE60Efee7e953f2f1c37C84444","Thikdin","THIKDIN",18,NULL
"0xC607de4f809C60E13B20929fd2Bf84E31Adfd607","Microsoft","Microsoft",18,NULL
"0x9F56C4F86895d99eC0b2853206C57c85C212Ff02","OCH Genesis","OCH",18,NULL
"0x69c721C9FdABa9Bc1D220F98f4eCcC46CaD66541","LABUBU","LABUBU",18,NULL
"0xE538EC6F03f20e86EE2977AdB27E348626F14444","binance AI","binance",18,NULL
"0x3E2d77683191a600D891Fa13Bd557E5edE674444","Kekius Maximus","KEKIUS",9,NULL
"0x63b7e5ae00cc6053358fb9b97b361372fba10a5e","Tether","USDT",6,NULL
"0x9E638Ba2A2509838aF242Ea0e7275dC1C2Ea19a3","MAOT","MAOT",18,NULL
"0x6bfd3dCED48CA5Ad037751F309F0773f2c974444","OR GED","ORGED",18,NULL
"0x77300b397C8A6A004Bfd97Af26D149033a438590","LayerEdge","EDGEN",18,NULL
"0x2c850c8024C40063A1DbcdbA46007d15f7aD4444","Black Panther USD1","BPUSD1",18,NULL
"0xEB7da1002715B7316e046fA2aB3f75D82E2f02E3","USD1LUCKY","ULUCKY",18,NULL
"0xA0AE707E0a399e6497E0b802720Fa7EC9be5f80c","CashHand","CHND",18,NULL
"0x872172E7011ce2812118874d6bC1d544429de7f0","America Party","America",18,NULL
"0x95Ebf5A4879E396a60cAd9ae787F8870bc47aA32","BLASTFI","BLASTFI",8,NULL
"0xfEbe8C1eD424DbF688551D4E2267e7A53698F0aa","Vita Inu","VINU",18,"https://assets.coingecko.com/coins/images/20594/small/vita-inu-head-wallet-icon-transparent.png?1637286122"
"0xf29e915106767a73428a4ad09a3623958dcabf3a","ai16z","AI16Z",18,NULL
"0x9a6a3AF90e9151Aa235925E6Ac27A9B3FdB94444","THE MEMELORD","TRUMP",18,NULL
"0x9f35be26Ea8f7FCd57122d715e134fD3062904e1","Cz Broccoli","BROCCOLI",8,NULL
"0x5f868F969E38414eA1007a9dBB9C3C11De0a5c29","H0MELESSBUNNY","HMLSB",9,NULL
"0x53EC91e2309c241C8D943F06fb7B1934cFC54444","Land of the Free","LOTF",18,NULL
"0x459E752f04766C1824FCaF6448857C47552386F6","AMERICA AI Agent","AMERICAI",8,NULL
"0x8Fdeef618fB91976AdD0b604d982de421A1b4444","Web2 vs Web","Web3",18,NULL
"0xce1b4293914479d873bD8f3699eA4bD0e29E99c2","Cipher Protocol","CIPHER",8,NULL
"0xBb29BDed48B341e776702Cf67136Ee6923884444","Tomaitare","TOMG",18,NULL
"0x26609CdCF4a84D25692BEA5220f4E007ddFd0Be1","Build On BNB","BOB",18,NULL
"0x85901568722116023f41e7b5A74A291Db0093D93","Bitcoin Platinum","BTCPT",8,NULL
"0x984F3BE0de27F7647F4dfe06D4B7e8CBB8D64444","BNB CHAIN NEWS","BNB NEWS",18,NULL
"0xe683C6E35d2331fed1adF466dCbF458c64a79f5E","Mock Luck","MLK",18,NULL
"0xbe96fcf736ad906b1821ef74a0e4e346c74e6221","NIX","NIX",18,"https://assets.coingecko.com/coins/images/31507/small/1000002051.jpg?1693360173"
"0x54008Db9e7dA06c0c3ad589f58d766BaC4234444","Community Coin","CC",18,NULL
"0x03f9A4a2dA4cc2C242200ad89d07D01cE5104444","THE LJM CARD","THE LJM CARD",18,NULL
"0xe8606dB87c7A5AbBe75b741D5a83c1A1D52f1Db2","GridiumAI","CRDM",18,NULL
"0x87C660d468975Dd70F79341dCaAa219599CC4444","M","M",18,NULL
"0x8CDc14878398A12a3D832B0a9C99c54C441e8572","BULLA","BULLA",18,NULL
"0x58de72e0273cFAf6C3751Ca01C455Fa0FF3a4444","Zimomo","Z",18,NULL
"0xB2aD4A1EEC477641024Ffc9bCEf9eBb4983C3bb7","GodsofDegen","GOD",18,NULL
"0xBD41bFCa91ACBD456120aB3B174aD1e9cdF2d7aB","Funky Bank","FBANK",18,NULL
"0xBd1D82DD63E2aA4b9E915d102dedB9AC9521cA61","chAtoshI","CHATOSHI",8,NULL
"0x0C8D0D22842AbeA48761143ab783965618e24444","KITTY","KITTY",18,NULL
"0x25bEE36da8FBF4FD9e8A2C893Fb691935cb9Dac5","DexEx","DexEx",9,NULL
"0xe8C57eab3Ed76b9d0E78F835BF077f277ec98996","BALLTZE","BALLTZE",18,"https://dd.dexscreener.com/ds-data/tokens/bsc/0xe8c57eab3ed76b9d0e78f835bf077f277ec98996.png?key=95a41b&size=xl"
"0x68485afea9a4f50d14893defe476970a6e7f4444","Labubu","LABUBU",18,"https://dd.dexscreener.com/ds-data/tokens/bsc/0x68485afea9a4f50d14893defe476970a6e7f4444.png?size=xl"
"0x34a403c93B0A4CDf4Df59d27D564d8E51418fCf6","Termi X AI","Termi",18,NULL
"0x355bd052e702F0200458ac7351b787d9938c50A6","TRUMPxMUSK","TRUMPX",18,NULL
"0x131117E7926E0872466B7D96c7137693595E4444","Illumeownation","Illumeownation",18,NULL
"0xBe1a001FE942f96Eea22bA08783140B9Dcc09D28","Beta Finance","BETA",18,"https://assets.coingecko.com/coins/images/18715/small/beta_finance.jpg?1633087053"
"0x6fb70734F2e4048E47863e20DDEFA83d5F94AA8E","101M","101M",8,NULL
"0xCa6192FDF5Aea28Fc0102619C853Ffd705ce2868","LuLu","LULU",18,"https://dd.dexscreener.com/ds-data/tokens/bsc/0xca6192fdf5aea28fc0102619c853ffd705ce2868.png?size=xl"
"0x16e1226Aa72CA03eaE03Eb96f491e600F9C13E44","safeINU","safeINU",9,NULL
"0xa33a6Ef103B4ED51117070858b48f4382E36319D","t.me/metartbsc","$METART",9,NULL
"0x443cAb9583B83eAA7A712c9D64525E57E2a7eB3f","Torum","XTM",18,"https://assets.coingecko.com/coins/images/18393/small/torum-transparent-cmc.png?1631760805"
"0x34Eb2787162B7447cED2F03eAaF895E0465D6A79","Oga Army","OA",18,"https://dd.dexscreener.com/ds-data/tokens/bsc/0x34eb2787162b7447ced2f03eaaf895e0465d6a79.png?size=xl"
"0x7FC027bDD86bcCac037d7D8377FEc4CD09087c8d","Twitter Shiba Inu","TWTSHIB",9,NULL
"0xFD03779E0494C67185a40EAD3a2E569b0688e27e","HUMA","HUMA",18,NULL
"0x8ae86Fb936772F16b5CAaeb77aE59505831C183e","Amazon","Amazon",18,NULL
"0xB9f9b3c0e931087a9ded879d14106e4953014444","Wow 73","W",18,NULL
"0xDA4268f8f83bee6bA92D7dB378D040EDd242F0a6","SafeDragon","DRAGON",18,NULL
"0x6D20BC9edaA424D209ca5987df138b228F637Dd0","Intel Ai","Intel",18,NULL
"0x3217A307213daD649e353A653Fb64d56da7f1935","HUMA","HUMA",18,NULL
"0x409af5abd54b38319dadcd72ad8eb11c80b54444","JOYCOIN","JCOIN",18,NULL
"0x089A29D0FA1B0172fC5aD278F81888CcC964B9F7","Taiki","TAIKI",18,NULL
"0x193142B00EEDa6c746b2df400b3E47c42dfC4Afd","Gujju Inu","GINU",18,NULL
"0x27EE3875bC976F32b03930cFc6f8ce55F38E4444","Kidflix","KIDFLIX",9,NULL
"0x54323a370B1479de209E9057F7dC128a52754444","Gorila in banana","$BANANA",18,NULL
"0x5867A1e131ae6765b0b1A9D229c6fFD332d7E664","Microsoft","Microsoft",18,NULL
"0xb39841A12C5E6263d8e2A56fe25DeF0c1A791293","Wet AI","WETAI",18,NULL
"0x75E6915AFEc4fa54c0e4A9E01F9FCb4ba14202Bc","USD1LUCKY","ULUCKY",18,NULL
"0x7994C2B0dff4f1E85f7395df50aC9Db22e127939","Dragonz Land","DRAGONZ",8,NULL
"0xFb99503568DCf6f6BF7ce82Eb02315A7F8714444","404","404",18,NULL
"0xcE366f1302530E859302584943eed6e4F0734444","ATH","B",18,NULL
"0x53b68995D533262D1c8A9e9BbB0B71fBA0B5B09d","DREAMX","bbb",18,NULL
"0xfceb31a79f71ac9cbdcf853519c1b12d379edc46","Lista DAO","LISTA",18,"https://coin-images.coingecko.com/coins/images/38068/small/lista.png?1716443925"
"0xeD11a362959B9C79FF0bb86AA5d8c8E84af14444","Blue Croak","BC",18,NULL
"0x14FedD71037fdEF24Ae6Adc456eab636609Ef64F","HODL","HODL",5,NULL
"0x36cFCdeF2B8e53D7ED01cf6c184a989a92f178eD","Caila","CA",18,NULL
"0x87E373fD7D7f82BE1E8F3082D0BfC2C2a9264444","BNB Nokia","Nokia",18,NULL
"0xCD59AE2544aCe4824eFd10C82F3CA89fF55E12Bc","BULLA","BULLA",18,NULL
"0x3Ee2113038f1AcFd36F99820e127C875b9a94444","Kekius Maximus","Kekius Maximus",9,NULL
"0xd603573cFB67Ecdb3BaFFf465447ac700eED2C1e","Launch Coin on Believe","LAUNCHCOIN",18,NULL
"0x20042cB6CA692eEFa36944E51AE7A2581e4C4444","Cat OKAK","$OKAK",18,NULL
"0xD304239D242e06AF1DC3DAB875adafD861fD4444","*U*","*U*",18,NULL
"0x535154b23670a8c96e68230cd59e7754884fd67e","name_unavailable","NONE",18,NULL
"0xFC43CECaa4F004ABb76Db41726Cba48Dca794444","MEMESTORY","MEMEFIGHT",18,NULL
"0xc64CD37700b3e6020BEa70D4b701309A94F94444","BIAO","BIAO",18,"https://dd.dexscreener.com/ds-data/tokens/bsc/0xc64cd37700b3e6020bea70d4b701309a94f94444.png?size=xl"
"0x49393f48e21459403F762BfAE934302D4cAF12d7","Power Mole","PMOLE",18,NULL
"0xFb49303dA71fDbe8D41c2A37082dfEf8C1e53601","OSOL AI Index","OSOL",8,NULL
"0x68224762a24128288cB72a91EE42D7108bec2EE7","SOLANA.MOON2.0","SOLANA.MOON2.0",9,NULL
"0x4815C05c091C9BbD4818a3842B55F98Ef3e5f27d","Trilology","TRILO",1,NULL
"0x23fe903be385832fd7bb82bf1fee93f696278888","DORA","DORA",18,"https://dd.dexscreener.com/ds-data/tokens/bsc/0x23fe903be385832fd7bb82bf1fee93f696278888.png?size=xl"
"0x83edd3923940422f780072052b30f2be9da9b831","Fora","FORA",18,"https://dd.dexscreener.com/ds-data/tokens/bsc/0x83edd3923940422f780072052b30f2be9da9b831.png?size=xl"
"0x6c6f99c1818838f3801405cb70bd7592e97da4ac","Venom","VENOM",18,NULL
"0xFAA50E46aDea4D1bCa2f5dc034F4235bD54c876a","DREAMX","bbb",18,NULL
"0x76A797A59Ba2C17726896976B7B3747BfD1d220f","Wrapped TON Coin","TONCOIN",9,"https://assets.coingecko.com/coins/images/17980/small/ton_symbol.png?1670498136"
"0x6a259A6BbBc39048be877e1742Df97c53eF34444","Alpha","A",18,NULL
"0xe3DABB4b58f6B87550084cAe620Ab08F9e6e8C3D","BULLA","BULLA",18,NULL
"0xfd4f2caf941b6d737382dce420b368de3fc7f2d4","Patex Token","PATEX",18,"https://dd.dexscreener.com/ds-data/tokens/bsc/0xfd4f2caf941b6d737382dce420b368de3fc7f2d4.png?key=e9395c&size=xl"
"0x4f6a72cB21731c25948A17E839380EadD920e05A","Make Europe Great Again","MEGA",8,NULL
"0x2768c026dD289698eDED90e74aF45E4dFa5F4444","Laws","LAWS",18,NULL
"0x1536a0c9d982c61d8c014f1322515061d3dd8f51","Apocalypse","APO",18,NULL
"0x0c8c133d6765218c7e88e0f9dd4dcee05ee779d0","X Token","X",18,NULL
"0xfffD65cbD8BEB6a1870Cc9E20236F5105a630CBB","Moolah","Moolah",18,NULL
"0xBfEF56Df61F768b00A079E3b1942B759ac22De44","OXFutbol","FUTBOL",18,NULL
"0x6f788054faEE5554f6Ea46265743AD7694314444","KILL BILL","KILL BILL",18,NULL
"0xA2b48f11Ee537253d368f1Ba06b4aD98EC6F4444","FACTORY DIRECTOR","FD",18,NULL
"0x32568470dF0f74eeF9Fe1d8E7D5FD642673eE1B5","Ecorpay Token","ECOR",8,NULL
"0x4aAC255b041B44960998982A33f69342A2a64444","Grok404","GROK404",18,"https://dd.dexscreener.com/ds-data/tokens/bsc/0x4aac255b041b44960998982a33f69342a2a64444.png?size=xl"
"0x499caE4F438CD4f810d77E97cCA9cC87A8E24444","WLFIEMOJI","WLFIEMOJI",18,NULL
"0xC2559129eF16ACca893a95c4641964df6d5EC259","Memecoin1","M1",18,NULL
"0x5554229C830F4fdAca8e40bc72d5b33F0e8Adf03","Trump V5","TRUMPV5",18,NULL
"0xCD664BA6Ec2fc8bfca0c66BC381710A3d9f34444","BOB'S HAMMER","HAMMER",18,NULL
"0xB4b221F8BDCEc337E885Ac7EF6B236DEb507508E","Instagram","INSTAGRAM",18,NULL
"0x17b17039711e61f8f5232c28d124ddaa2231bbff","Okratech","ORT",18,NULL
"0x56097E64820D71c77658368c21173F1c097C4444","Binance Builder","Binance Builder",18,NULL
"0x73b35A7A6aA6E38931648641fe612e43f87474d7","Moolah","MOOLAH",18,NULL
"0x2f20a72d53c064c3594c45c6c245a289838ffb43","SCA","SCA",18,NULL
"0xff43F4043Cd3881780806150D09AB94aD1E94444","VAMPBNB","VAMP",18,NULL
"0x35f7CD23893742f3E32c932B080256FF7754D0D4","Polyhedra Network","ZK",9,NULL
"0xE911669B54cB2Ed06994C00ACCE545aE36Eb4444","MADFIA","MADF",18,NULL
"0x9BE8F376F61c9bc9554F509792c1dB4525C4b06a","All-Time-High Now","ATHnow",18,NULL
"0xb9c9Bfa5E44d1d942dAE0604199F12BaF1af709a","Caila","CA",18,NULL
"0xb6cde994a5c14aada8bb004e302d3425ce108639","naiive","NAIIVE",18,"https://dd.dexscreener.com/ds-data/tokens/bsc/0xb6cde994a5c14aada8bb004e302d3425ce108639.png?size=xl"
"0x7ae72a1B10409f8DD56d4d0a8d43b9d6eEDB4444","WeChat","WeChat",18,NULL
"0x22eDb6BE8111a4ccED7F615F447857d93F2D4444","Build & Build Corp","BBC",18,"https://dd.dexscreener.com/ds-data/tokens/bsc/0x22edb6be8111a4cced7f615f447857d93f2d4444.png?size=xl"
"0x3432aBc543d5A9028fC43B69C4200f5a054F703a","OFFICIAL VITALIK","VITALIK",8,NULL
"0xbb4cdb9cbd36b01bd1cbaebf2de08d9173bc095c","Wrapped BNB","WBNB",18,"https://assets.coingecko.com/coins/images/12591/small/binance-coin-logo.png?1600947313"
"0x3Fb8ACc94EcE387FA56288cb5abbBA59F1F84444","MOONMASK","MOONMASK",18,NULL
"0xdf1907697f5167801B0b9deE1D43Ec4F96b34444","Moolah","MOOLAH",18,NULL
"0xCcfA9f8d636B94B7f61cfef2e681E9C265907d6B","Baby Doge King","bDogeKing",18,NULL
"0xC91AF9a60b4cCe9a02a3334A019B0D4283bf9a18","Mavrk","MAVRK",18,NULL
"0xe5e1177aa0fa551bf001371a859a1cf97d7d8997","NNT","NNT",18,NULL
"0xa08e171B2383ff3f9e5fa68fd153662d7e601B10","Paper Ape","PAPER",18,"https://dd.dexscreener.com/ds-data/tokens/bsc/0xa08e171b2383ff3f9e5fa68fd153662d7e601b10.png?size=xl"
"0x7251673656870c5665585A2bC0f8B89a3a4021Ab","Pudgy Penguins","PENGU",18,NULL
"0x77e102a85b8a57fa3b262b232ca5e6216d164444","GGBOND","GGBOND",18,NULL
"0x03f5c6a5449BD9C54E134168E643042fFa46A541","Luna by Virtuals","LUNA",8,NULL
"0xa853aC58a5D0e6388Fb8E3EE26a702b109dcbc2B","CryptoGPT","GPT",18,NULL
"0x41b19651182Ee7Ae64Bd65Afe9dF7255756671BC","Amazon","Amazon",18,NULL
"0xf001da566c80716f434c4cb1de3afca131dbafda","Concrete","CRT",18,"https://logo1.birdeye.so/resources/bsc/0xf001da566c80716f434c4cb1de3afca131dbafda.jpg"
"0x6D2302186Ee8992155bccB845CFA462A3C514444","GameFi Gameplay","GameFi Gameplay",18,NULL
"0xe871e127e0aa2c05a2daf05094dd60a1b3834444","TTDOG","TTDOG",18,NULL
"0xb470978a9AEBaFEeca5520B8c9891794fa3c4444","MUBARAK 2","MUBARAK2",18,NULL
"0x02aed2e6d622440524F938cA323B552983DD47d2","gnus","gnus",18,NULL
"0x1283eE6f4Ba428272fd4cd4d473EF74e0184f935","Freya by Virtuals","FREYA",8,NULL
"0x4a8166E873A3218b988E75e9d69322d77A581b52","Agent Ollie","OLLIE",18,"https://dd.dexscreener.com/ds-data/tokens/bsc/0x4a8166e873a3218b988e75e9d69322d77a581b52.png?size=xl"
"0x3d4f0513E8a29669B960f9dBcA61861548A9A760","Banana For Scale","$BANANA",18,"https://logo1.birdeye.so/resources/bsc/0x3d4f0513e8a29669b960f9dbca61861548a9a760.png"
"0x670E2818E482ecBE885EB71294adC8FE497b1BB6","V-Dimension","VDS",8,NULL
"0x20482b0b4d9d8f60d3AB432b92F4c4B901a0D10C","Rekt","REKT",18,"https://dd.dexscreener.com/ds-data/tokens/bsc/0x20482b0b4d9d8f60d3ab432b92f4c4b901a0d10c.png?size=xl"
"0x8076c74c5e3f5852037f31ff0093eeb8c8add8d3","SafeMoon [OLD]","SAFEMOON",9,"https://assets.coingecko.com/coins/images/14362/small/174x174-white.png?1617174846"
"0x070DbCE3B4805AC619ba3DE669d9cE245FCce38b","SOON","SOON",18,NULL
"0x2e8Ad3cAA24891Dbbf02A4A5e91aaFF8c73a4444","BYBITBUBU","BYBITBUBU",18,NULL
"0x18b1AFfdB3bC8D58CDFAe5bf75f205aaD95A4444","T","T",18,NULL
"0xB6D91348f80d789D1357049E339F40A2ed9bA68F","BC","BC",3,NULL
"0x0D4bFDB555f506B8E0179efD59eaA62Ae30B4444","Divine","Divine",18,NULL
"0xBaCbFC10F3f441467d20D7F82587784080714444","WLFIPEPE","WLFIPEPE",18,NULL
"0x82E0dAa5C239990d12115eBEa1c67fBd080e4444","great Morning ","GM",18,NULL
"0x5589B3F1A98E3B01518c6d654623b9b0526e4444","6.1","6.1",18,NULL
"0x9DFE58a6684A24107Eef411EEc6373Db40C7aeDd","Rainbow Cat","RCAT",18,NULL
"0x2d7c1cADA172Aa23bB5b547a408F1e311fAA4444","wm","1000000",18,NULL
"0x5dB4F280264B9E2BF657AD5d190Dc21426E7C500","King Kong","KINGKONG",18,NULL
"0x2e380C46eA0a9dF04A1f7E04cC168EF75908274d","Hangover Stone","HSTONE",18,NULL
"0x217881AD231011724c99312135ca021B54d8f71d","Crazy Doopy","DOOP",18,NULL
"0x4D21177Bf8a0F9cfAca6d0f568Ff3e79a121B106","wHOUND","WHOUND",18,NULL
"0x6ccBf2DDF3bC4839824276E81579C11b925488dE","BONDEX","BDXN",8,NULL
"0xAC39a72C790157D10731e88Df1497A4947464444","SnookerGame","SNR",18,NULL
"0x52bf2b94Ab3c33867c4CA5849E529290baaf692c","VistaMurad","VMURAD",18,NULL
"0x001e9edde3A0BA0e2BbDC07883A222fdEa8b4444","Builder NYC Bunker","BNB",18,NULL
"0xeC54cf236Cd9CE647eDebCd4661F3DE6715D4444","Komodo coin","KOCO",18,NULL
"0xF3cb77B5FCA2B5a9E1A199fb9Fc29071f6A7eE24","Bondex","BDXN",18,NULL
"0x959b974C2b62f11AE8deE1E1E1fa4aA745694444"," Bid/Ask Price"," BID/ASK PRICE",9,NULL
"0xf448E3880761A274616c7Ef870Ca04C88Cbb19fd","Trump Coin","TCOIN",8,NULL
"0x3a96365B397d8d80f38F70Ae581a8f1B96bd9cca","PGE","PGE",18,NULL
"0x45Aa4eb5094850faD2EAEef03f872d59cDF81b6F","Hourglass","WAIT",18,NULL
"0x5FEd6bBbE206A292d3C1BC83c657E798AC52E01d","Bubble Shiba","BSHIBA",9,NULL
"0xabbAFe952a217Db8dB9f43034A83a99bE881225B","Justice for Binance","BINANCE",9,NULL
"0x5cA8ec83B5fc8B23040fF1E7831d9f39e18Ae828","MoonLight","MoonLight",9,NULL
"0x2CEA524c4fCbea61Af1FEA727217D77A62194444","REAL MADRID","REAL",18,NULL
"0xC07c5e764Ca4204610706ed98718866312974444","Weekend Warrior","WW",18,NULL
"0x7cEB544e7d33277489eD106c30d86C1a24A64444","NeoGrok","NeoGrok",18,NULL
"0xcf67499763eCaa95Bbd07F677f46237809a83BF5","Nacho the Kat","NACHO",8,NULL
"0xf8d881ed035ce571Ba872b82cd9750Be605Dd783","Koma Inu","KOMA",8,NULL
"0x46f69a68482ae252a489612c689ba68087796c39","Baby Troll","BABYTROLL",9,"https://cdn.dexscreener.com/cms/images/593ece66f6b842e88fb8dc6f20d2599f79b59ef898dcef059992ed84f33ca877?width=64&height=64&fit=crop&quality=95&format=auto&size=xl"
"0x9663aef74004188Eb437B84a45f86199A99DE18b","BOBO","BOBO",18,NULL
"0x534C3A5eD69B5a3A7cD0bAe352150488A43B9Ba5","Shrimp Paste","SHRIMP",8,NULL
"0x0fcfe33b46e5b21e5e96b722d4c85510198f9255","Mansory Token","MNSRY",18,"https://coin-images.coingecko.com/coins/images/54875/large/token.png?1742245333"
"0x11d4840F0395e0A298D7aC5d2B09307D6a1b7206","tete","tete",18,NULL
"0x779e178083367004675Ce8A9947c5D8D908B1229","Keke The Frog","KEKE",8,NULL
"0x52842fbed9e0bcb697916ca90687d6d0298497fb","Binance Intern","INTERN",18,"https://dd.dexscreener.com/ds-data/tokens/bsc/0x52842fbed9e0bcb697916ca90687d6d0298497fb.png?size=xl"
"0x02C930308Fa7dea07f54505DeA2928bF78954444","Trumpbubu","Trumpbubu",18,NULL
"0xfB72919181650FeF4CECf1088f229dA6aBC24444","XAUT0","XAUT0",18,NULL
"0x1127A9c3dbC5410A805b44E2E061dcFB145f56f2","Robie The Robot","$ROBIE",18,NULL
"0x27a1ed5B23fFAAC8a4F308aF4e4a56e8e80a4444","Builder","BUILDER",18,NULL
"0xD06593228d12B02567894A8a955880E9572D48e5","Little Floki Cheems","LFC",9,NULL
"0x595e21b20e78674f8a64c1566a20b2b316bc3511","BULLA","BULLA",18,"https://dd.dexscreener.com/ds-data/tokens/bsc/0x595e21b20e78674f8a64c1566a20b2b316bc3511.png?size=xl"
"0x765Fc98938c63006f7ecdD47276788d110324444","Wawa The Frog","WAWA",18,NULL
"0x0938ac0519276423F0BeC71f53971eD564fC284d","Bad Silly Cat","BSC",18,NULL
"0x920E901BB53c773f6aFfECEa624f3744e575CC7B","AAAAAAAAAAAAAAA","BBBBBBBBBBBBBB",9,NULL
"0x6D15988a08FD15178E8DED23dceb5cFa42C14444","make usd1 greatagain","M",18,NULL
"0x468932a2aE77442F6b4062a82C9A6ca427734444","DeAI","DeAI",18,NULL
"0x2F9273355BC9e3939710d61d61058294Acf2f7e0","Beta Tether","USDT",18,NULL
"0x192F5907C4f6B7736C4aa8Bcb3B410D209E36277","Alpha Finance","ALFA",18,NULL
"0x6A0D6B965c92890E1089B6b3D670EfAc909C4444","Dog","D",18,NULL
"0x165b886F8383894ACe0254A59F0b665863465EaB","Tether USD","USDT",18,NULL
"0x081D5E74497884826Bb3Da9cef098F0983A2fe47","Mubarak","MUBARAK",18,NULL
"0xc256560723003117421F262D8e2Aa56C3D164444","FTMO.com","FTMO",18,NULL
"0x920F1435519B0Ab46C75336a8C9e58BDF5e94444","Green Candle","Candle",9,NULL
"0x297CA1A9DF155e7616c393610e6034bF05D94444","Binance Frog","bebe",18,NULL
"0xA0423d4b2DCfeD974E87579f10DF2F4D878A4444","catwifmask","MASK",18,NULL
"0xb69F08025A28d1C103C5f1EB15dA06CbFF59A879","BULLA","BULLA",18,NULL
"0xeE8C70B2829BCF74Ad7757fd512A6Feffde4bf8b","ü¶ã Biopr","ü¶ã Biopr",18,NULL
"0x7d4c2bdBC891f391FaD6F2D6ed0BB4a45259Fb4b","WOMP","W",18,"https://dd.dexscreener.com/ds-data/tokens/bsc/0x7d4c2bdbc891f391fad6f2d6ed0bb4a45259fb4b.png?size=xl"
"0xabb9694C25ddb8010205d7578950D1DCa95d4444","ÔºÅ","ÔºÅ",18,NULL
"0x9d5A77D623E973CaDB6D0Ef21c10aEd7fE5b4444","BEBE","BEBE",18,NULL
"0x097d871eB0FB87c48838a7C4e11C1880c8Da4444","Binance music","music",18,NULL
"0xC439f02B07Ec3B4501d0D94C8f6899Bd64574444","BNBGUESSR","BNBGUESSR",18,NULL
"0x795D2710E383F33fbEbe980a155b29757b6703f3","GhibliCZ","GHIBLI",18,"https://dd.dexscreener.com/ds-data/tokens/bsc/0x795d2710e383f33fbebe980a155b29757b6703f3.png?size=xl"
"0x638Dc2e3b6a5e3e5C457E505fd13499A24284444","LongZhou","LongZhou",18,NULL
"0xb2076fc9f07076fbAf816531C7246f85b95b4444","WLFI HOLD CARD","WLFICARD",18,"https://dd.dexscreener.com/ds-data/tokens/bsc/0xb2076fc9f07076fbaf816531c7246f85b95b4444.png?size=xl"
"0x9f3858A32FC7266AA6fBB058F412B3F625578129","Galaxy Cake","GC",18,NULL
"0xFfeE81d39E4a263F7BB3dF6f24918aCD2A874444","C10","C10",18,NULL
"0x0b1787a23F55604E3bEE5e5A18C0457969Fa4444","TCOM","TCOM",18,NULL
"0xc376F4e5273b6eD2a6BaD17Fc9695c25A3d4DC7E","Binance Intern","BN",9,NULL
"0x527B5e83224De89e2A0Af0055B1F29c25c884444","Richest Chinese","RC",18,"https://dd.dexscreener.com/ds-data/tokens/bsc/0x527b5e83224de89e2a0af0055b1f29c25c884444.png?size=xl"
"0x986dF967EDa39c7FadC1E891A01E18515c6C4444","GOLDlilium","BNB",18,NULL
"0x3215f7d921549bb4a8fd2c93d88021b2902e30d0","NOVALAND","NOVA",18,NULL
"0xD3A8D98B6FFEFF3685C5eA269652323C30464444","AmericanParty","AP",18,NULL
"0x429E3614a653aF1aEb71CB8B1955CcBDFDc34444","BOBonUSD1","BOBonUSD1",18,NULL
"0xd7a1fDd3CA1036571c473895e6bd6F1D26c96Ffd","OpenSwap","OpenSwap",9,NULL
"0xd95B14a5366b632832cD3A3f9F640ae48EbE4444","WLFI1","W1",18,NULL
"0x878E132AFA789D0a50907b9Ca8a06B4cF27f4444","GameStop Cat","Stray",18,NULL
"0x885fb9bee98d9f76a9ad7f1f3cea4d7451624444","FKBG","FKBG",18,NULL
"0xe2A7313BF86DD2CBb904a52a907DFE8dFD36aCc7","SLOTH","SLOTH",18,NULL
"0x7ddB35645465891C193b4aEa75D097965FbC4444","ZenAI","ZAI",9,NULL
"0xf22DDBdBE251b6742B5E8F7445ad2c9E0FD24444","Binance Teacher","TEACHER",18,NULL
"0xa01d2234d5a669920242e9b4ebd6a20e1302a6c7","EVMAI","EVMAI",18,NULL
"0x6b84BFe2Bd3Dd37F79f95c8028380D4df6F8cF44","bulb coin","BULB COIN",8,NULL
"0x600d898464387d7846c4b3b0509C676a6b313D66","N1CE","N1CE",18,NULL
"0x617eeE5d50e16Ee2A67DaA1ED2243C46DD896Fd0","AlphaXrpBitcoinTether","AIXBT",8,NULL
"0x4c56e7aC22266bb75cb5a9c5fDC63d3494576D9a","SLOTH","SLOTH",18,NULL
"0xFE0c8BB95403B6c79Ff5AA5AC01654A191384444","Bartman","BART",18,"https://dd.dexscreener.com/ds-data/tokens/bsc/0xfe0c8bb95403b6c79ff5aa5ac01654a191384444.png?size=xl"
"0xabd834a7823567673e1ac07635d5d9857b34a8d3","AIFlow Token","AFT",18,"https://dd.dexscreener.com/ds-data/tokens/bsc/0xabd834a7823567673e1ac07635d5d9857b34a8d3.png?key=8a4cc3&size=xl"
"0x7A2EC07b8736D4709E4927869b22b24e1e2DC970","SKYAI","SKYAI",8,NULL
"0x06eeA8DB6cC85A978171C3342eDd982755D64444","Android bo‚ÄÜt","The bot",18,NULL
"0x56083560594E314b5cDd1680eC6a493bb851BBd8","Transhuman Coin","THC",9,"https://assets.coingecko.com/coins/images/20328/small/kdEastmD_400x400.jpg?1636900381"
"0x1E8453edEC0BeFf8B981DD0FA2803D454021556a","Baby THETA","BABYTHETA",9,NULL
"0x0B0a2DDb0ee50D6109F3091223D562564C403Ffb","SpongeBob","SPONGEBOB",9,NULL
"0xa776f5b86cC520861F55a261515264E3bd86E72e","Sphynx Labs","SPHYNX",18,"https://assets.coingecko.com/coins/images/30142/small/photo_2023-05-03_21.44.17.jpeg?1683280938"
"0x7c3b00cb3b40cc77d88329a58574e29cfa3cb9e2","MintStakeShare","MSS",18,"https://dd.dexscreener.com/ds-data/tokens/bsc/0x7c3b00cb3b40cc77d88329a58574e29cfa3cb9e2.png?key=180356&size=xl"
"0x50F4C05dDE5582CbFB497C827fAE9a9418394444","Mubarak","Mubarak",18,NULL
"0x16b9a82891338f9bA80E2D6970FddA79D1eb0daE","Pancake LPs","CAKE-LP",18,NULL
"0x5f049925881637FDB27Fef05870DF82341A94444","Owl Coin","owl",18,NULL
"0x79936DcBc1FcfE5fE3a8f02CF5542EEe24274444","Sun","SUN",9,NULL
"0xC820aaEd315aE3FD2eB00D71AD2e3a42ed064565","Flow","FLOW",18,NULL
"0x255152FB9484be46b5DDF57D574DD9eb58eD4444","Fast Momentum","Fast Momentum",9,NULL
"0xb45928fAe7ccCDd5e5C60073119863deC5968d4D","Pi","PI",3,NULL
"0x73e632dd282aA406eCF093b6EdE8b6F5E3D94444","Ruma","Ruma",18,NULL
"0x98373a7265CCB14AA357bb935fB5A7DbEfB04444","test","test",18,NULL
"0x98DB8a2878d53a202ea45c2AC445fbeBAAade660","Dark Eclipse","DARK",8,NULL
"0x15C783d126523AadA2DE931227e25186C8b6b493","Cony","CONY",8,NULL
"0xe939974E104fE715589c3165E5d35D1C6F5D4444","dipper","DIPPER",18,NULL
"0x78c81a23d41849e12354c6c8ba72dab268084444","Psyduck","PSYDUCK",18,NULL
"0xD80d09dc621C9d6480230f03BcE007d119f14444","Cryptomademebeggars","BEGGARS",18,NULL
"0x36067F74d3bfDddc31a72F20Ce1808C89724A2Bf","Massive Meme Outbreak","RPG",8,NULL
"0xE3De25b0366F4AeDD647f042559970A4Bd894444","Jerome Powell MEME","JEROME MEME",18,NULL
"0x041911b9EbF11BDF79aaa2BB419dC0acc89b15c8","Mancium","MANC",18,NULL
"0x3a437916CA1B8bf0B36Ea726D5E1e02419E240D9","USELESS","$USELESS",18,NULL
"0x33632174953aaB035e02326b8709898612aA4444","RAGE ELON","RAGE",18,NULL
"0xDa94420235F7813c1E98880e63CBd98d86e34444","8 Boy","8 Boy",18,NULL
"0x08F198695bfaC2f3c4F9Aa985E5d02D3D182A62A","WDKB","WDKB",18,NULL
"0xc3d61f5Ff52DA49Dc2106448Edc29d6D95314444","HealthCoin","HEALTHCOIN",18,NULL
"0x815BA23d430932fABE9Ff4EB4a074f18C540327e","TRUMPETTOKEN","TTT",8,NULL
"0x7b4Bf9fEcCfF207eF2CB7101Ceb15b8516021AcD","MilkyWay","MILK",6,"https://dd.dexscreener.com/ds-data/tokens/bsc/0x7b4bf9feccff207ef2cb7101ceb15b8516021acd.png?size=xl"
"0x4507cEf57C46789eF8d1a19EA45f4216bae2B528","TokenFi","TOKEN",9,"https://assets.coingecko.com/coins/images/32507/small/TokenFi_solo_logo_black.png?1698333222"
"0x77A85732D3e5fe022949e4040B4d2E085de8E038","MUFFINS FINANCE","MUFFIN",18,NULL
"0xED2Acc8D9cA6A0F7D76C2701F61c153f341e4444","random","CAKE",18,NULL
"0x54b9E4eF7bB85C9d6F5B8DF49f421FDd6132788c","This Is Fine","FINE",8,NULL
"0x47b1D7325a8D92CA62eb34cbd7B44Cf7c82Bfb29","BRETEP from PulseChain (TokensExpress)","BRETEP",18,NULL
"0x2129EC5c58Db186f868edf1daFC2914b76624444","rosedotfun","ROSE",18,NULL
"0x97612De370fEDC047b2f9808dc14eA44EA3446D4","Janitor","Janitor",18,NULL
"0x3a59b364d03C65A1741599F8320Ab3758813f681","W","W",18,NULL
"0x02EB58378D5deD71698163670f249Ef2035474c3","VO1","VO1",18,NULL
"0xbAAe33E5D0DE1B5EC248ED41E5b7eA0BEa9e4444","Simon's cousin","SIMON'S COUSIN",18,NULL
"0x23d3f4eaaa515403c6765bb623f287a8cca28f2b","Broccoli","BROCCOLI",18,"https://dd.dexscreener.com/ds-data/tokens/bsc/0x23d3f4eaaa515403c6765bb623f287a8cca28f2b.png?key=6f8cda&size=xl"
"0xa8e81b2058cACc9100f5e754E62E6D43b81a4444","BNB Chain BUILDERS","21369420",18,NULL
"0xFbB937c659E0A22D489DeB86d123D39df7114444","cooking","COOKING",18,NULL
"0x8934F25a1068936b684b0C03afBa36e81b894444","the sun","sun",18,NULL
"0x2eA3cb3fa8E0445CE8a9fE4ACa2F62a938304444","monkster","0x0028m0nk5t3r099028",18,NULL
"0xB34E34c16Bfead9f80eBa7FFF402f92E636CFd3a","Sun Shibu","SSHIBU",18,NULL
"0x4da2b1fafb2e54a775b624e822504a4b504899f2","Big Dog Coin","BDOG",18,"https://assets.coingecko.com/coins/images/20437/small/bdog.jpeg?1637038334"
"0x6F601Ca816A22347FF6Bc4e8377f636E0Bc64444","1U = 1 USD1","U",18,"https://dd.dexscreener.com/ds-data/tokens/bsc/0x6f601ca816a22347ff6bc4e8377f636e0bc64444.png?size=xl"
"0xbec472534835BbAd87C70b44980818861c0f4444","612","612",18,NULL
"0x59c25B3EcB591a973E2c313d6C89C60E0F3902Ae","SHISA","SHISA",18,NULL
"0x44522b204CE92a4c38e24816A964aF1FABf9Ff01","SOON","SOON",18,NULL
"0x4aA67B140eb15c0ee1c0440746C335E210C43038","Sproto Gremlin","SPROTO",8,NULL
"0x9F0f4365f14463d6F8c39E1511FCE668ab2ABA2b","KittyNFT","KITTY",18,NULL
"0x5548302a65105d4b20cc1A8A2355ce965d4835A3","GrooveMe","GrooveMe",9,NULL
"0x9aF7E4B720013C22402E3526521f61664EeccD0F","BRUH","B",18,NULL
"0xdB9AC08cf48242Dc523260c54AC6F50724A758c1","ProtoShark","PSHARK",9,NULL
"0x867cBA882B86f37F6a8C20fbb76294FDF02a4444","PAT","PAT",18,NULL
"0x8f1ebb64351bf627b4a77e45005659dbbb546923","CASE","CASE",18,NULL
"0x3720e3c827dab665383b32bc49766d2d24c1ed35","Wistaverse","WISTA",18,NULL
"0x63e9bcEc28edD07c7fB7edcd6B1a2Ff885Dc2412","üêíMonkey","üêíMONKEY",18,NULL
"0x2Bf6E5A90814CB033314610783D6CF0e2087e842","C","C",18,NULL
"0x472a859b330775c4864923c9b933c68d83d5e5d5","name_unavailable","NONE",18,NULL
"0x6592bAAB10035b8a783cF2d421f85584c6884444","Bunny Play","BUNPLAY",18,NULL
"0x8A4d5e08A460D830a1a0CA3B3BCbB4D249057AF5","BNB AI","BAI",9,NULL
"0x570d649a1197128873D01c74E3998Eb7051326DB","Walzor NFT","WLZ",18,NULL
"0x1c903A6A7c217505293DeEa08C6e5C2983BA4444","Happy Birthday Trump","HBT",18,"https://dd.dexscreener.com/ds-data/tokens/bsc/0x1c903a6a7c217505293deea08c6e5c2983ba4444.png?size=xl"
"0xe14AC0311DDB902Fa3adD9DccBDF775D9eeD4444","Molly","MOLLY",18,NULL
"0x1dcf4a2A210b4E63674e2aab42c7f7880B364444","YELLA","YELLA",18,"https://dd.dexscreener.com/ds-data/tokens/bsc/0x1dcf4a2a210b4e63674e2aab42c7f7880b364444.png?size=xl"
"0x33Da5eF3D195A735373baeD75bA816B6C4814444","AIPaul","AIPaul",18,NULL
"0x566caa5Eb46C47F7A8b04c901aA9Ba0798AA4444","Project Virgo","VIRGO",18,NULL
"0x28ede8171c06Dd0837165f8c37B689A481244444","RISK","RISK",18,NULL
"0x63eE66898ed6Fbe0116c27dFe44E18F0cB5bF963","BOXCAT","BOXCAT",18,NULL
"0xd913aa87bbA0BcC10dF2C4D4C24a453c1262a642","Goldmane","Goldmane",9,NULL
"0x17483ff53f49d83b031009edb39027fa8d24a2da","STB","STB",18,NULL
"0x8e33A092c3E4C3516e33f39EebA9Cb457b024444","CUBE","CUBE",18,NULL
"0xdB6785f8A4863B6B05AaBC4C9d01FEc936Db4444","Zero","Zero",9,NULL
"0xcC53f7b637b0CbFeB8159622a0b0f08d1D97EFd9","TEST","TEST",18,NULL
"0x0Cd555292419C95aE01eFC0b1A635F3735D836aB","XChat","$XCHAT",8,NULL
"0xf69daa7776250800f8f75dcd89768a2e633ee5d9","Hold On For Dear Life","HODL",18,"https://dd.dexscreener.com/ds-data/tokens/bsc/0xf69daa7776250800f8f75dcd89768a2e633ee5d9.png?size=xl"
"0x4ff0095bB423d202b18943Bd87dE13dA58a24444","Super Mario Token","SMT",18,NULL
"0x525e56E9764CbE2c9aBc4D13FF318d94f62bBfcF","DHBNB","DHBNB",9,NULL
"0xca3A5ed5b7bcB1Be8Fca63CCC15900d71826e52a","Wrapped Bitcoin","WBTC",18,NULL
"0x4b157DF3a9aAA2808A257133dd8410eaDFA28D8D","SOL BULL","BULL",8,NULL
"0x55d39321E7b4aD2Bd8Be619532851210c84E4714","Tether USD≈¶","USD≈¶",18,NULL
"0x29411d1B088ac2dE07baC43b07602FE5c24fAC8f","Quaddis","QUADD",1,NULL
"0x3ae45a25f4f73d0157a0c0e3e47f8e7ffa16e99e","PPBox.io","PPBOX.IO",18,NULL
"0x1630A33D365e3a5F92A5c92b4b813076947B1681","LA","LA",3,NULL
"0x669457fcd14Afb827CE80A00b24Cb644c0Db4444","Evie","Evie",18,NULL
"0x97BD23c57e9034F991A2bDCe4F62440bE569f64B","REI NETWORK","$REI",8,NULL
"0xDC42bc75330FBAa4414c4b2B2D25428B4aa54395","SOON","SOON",18,NULL
"0xbAd37B278e495b3E357B3F9E7A6FC5920A33bc6a","FIST","FIST",18,NULL
"0xea1b9e03c3468d8480b0e387fcaa92dbae0a4d65","Baby Boss","BABYBOSS",18,NULL
"0x6Cf3faf597867A0c08CC1E925F6C21EC811F15EA","ChatGPT","ChatGPT",18,NULL
"0x6165BB888586546DcFF7769B20197DdFb9884444","Gaur","Gaur",18,NULL
"0x13230eeeeCb01EAB36f9D95185f02D9e38E84444","FOMO","FOMO",9,NULL
"0xD18c47ddEBdD19f055FADA9DF4ECE72aA1813D18","Whale Croc","WCROC",18,NULL
"0xf9939FC190384A663831Ebb77Dfe9D336436C167","Urolithin A","$URO",8,NULL
"0x80D7acC46cf17b8Eb2B88dB8f7bB3f1e99237e34","ELONTRUMPWARS","ETW",18,NULL
"0x24E4e6091B44D9A66C88De588e400975655641Fd","Wen","WEN",18,"https://dd.dexscreener.com/ds-data/tokens/bsc/0x24e4e6091b44d9a66c88de588e400975655641fd.png?size=xl"
"0x59DF8Cc8beB2e6E03aB0658432FD9726CF7cDd81","CHADETTE","CHADETTE",8,NULL
"0xa86a86b8acdc55812bec2971a2fc8a989455858c","DSFS Coin","DSC",18,"https://coin-images.coingecko.com/coins/images/39942/small/1.png?1724885232"
"0x2f50F4e93B2Ba54e8BD7CA549BaE54Ba16D8a57a","LABUBU","LABUBU",18,NULL
"0x0db4F3ec489A94Af5617d093942c10F13ea54444","Cover Cat","cc",18,NULL
"0x023D082CAEa5cD887D99dcbE453cA9E7C7603e38","HUMA","HUMA",18,NULL
"0x57cc60Ae1D4aA7ad707354Db2C3FAD39c3C1BBf3","Candle TV","CANDLE",8,NULL
"0x371c7ec6d8039ff7933a2aa28eb827ffe1f52f07","JoeToken","JOE",18,"https://assets.coingecko.com/coins/images/17569/small/joe_200x200.png?1628497750"
"0xb99cb1C6b6c79c43c065BFC569cBD7d202104444","Cyber Surfer","SURF",18,NULL
"0x722294f6c97102fb0ddb5b907c8d16bdeab3f6d9","Doodles","DOOD",18,"https://coin-images.coingecko.com/coins/images/54399/large/doods.png?1739506481"
"0x4F52F9bE40455285D7a314988ABC85C652294381","Bitecoin","BITE",18,NULL
"0xca0314b9E4913b49465A91678C3A93d8B9594444","Rusty King","RK",18,NULL
"0x27B7c2D9C85e356B9e1c1311055b015Af1d14444","ANON TRADING DEX","ANONDEX",18,NULL
"0xcB6e5c0575294bdb8B78f8bd6888BAD9F2039464","Minidoge (minidoge.world)","MINIDOGE",8,NULL
"0xA9AF2D1d5eb9e3F65Acfd5E002CE18e450163F50","100X","100X",3,NULL
"0xd072998dfe7cD2d4CdBA4CDD36d4c65B16294444","The Samurai","Tokugawa",18,NULL
"0xc0E39B0C959A31F7382866683a13128691DC74CA","RavenWing","WNG",18,NULL
"0xb1a6aA3d739e32De332d300BcFaEDdBa676Fc30f","TruthFi","TRUTHFI",8,NULL
"0xb151cD1B48ee4a0Ee00c768C89eB98B1a1B04444","labubu","labubu",18,NULL
"0xd3450249F0738A5bCb70DC10129704B9CCDc4444","AITRUMP","AITRUMP",18,NULL
"0x8165ffF9B30A996c70A15688BD8dC8B32D7D4444","BNB Hodler X","BNBHODLER",18,NULL
"0x504E0b013e4eCEda7D2e0Eda18231060b518C84b","moonpig","MOONPIG",8,NULL
"0x598B988d461dD3FBBb4e11004981f5143a8DCd9F","PancakeSyrupCheems","PSC",9,NULL
"0x073761656dc0654f729a4af0cce8c9b39b47a18b","Celia Token","CELIA",18,NULL
"0x99d9AaE57b92ad7FFe6803A742AFA29fC3b52570","TANPAGAGAL","TGL",9,NULL
"0x11F5110AA0F2251EB59E7564b320e66414622649","HUMA","HUMA",18,NULL
"0xBAd48298518fe3FD30DeAd796f90F94beE304444","S","S",18,NULL
"0xc549557C449775B2299607DCa2b122bc8B4DE73e","Lil ET","LET",18,NULL
"0x61F79AA5Ecd6d0F737B240Baa34176d7D463Edb7","babyFiremoon","BabyFiremoon",18,NULL
"0xf4baf14204e023553a85b19A23bcD92413ef1c4B","BestCoin","BEST",9,NULL
"0x8aa350AB60E885967AD95307b31F41744E612631","Circle","CRCL",18,NULL
"0x6cdd08de79231a1957f205a3fe5cf9dbf4b0c454","Baby Neiro","BABYNEIRO",9,"https://coin-images.coingecko.com/coins/images/50859/small/1000018374.png?1729303716"
"0x91EDaf176016EB8D51E82f7540F7310aD3cA011E","W","W",18,NULL
"0xdcf61e39657e488f721829b1a8dec59989f71840","SLOTH","SLOTH",18,NULL
"0x0e7B79BAB0fC8b3Db63E9eBa9662F7073e81638E","MOONSKY","MSKY",18,NULL
"0xAA0250E65008e76d690929ac8859CF6471194444","Pelin","Pelin",9,NULL
"0x2c778e40b5C7fFFF7fA222B0A2c70Cd4d9B4d9a5","Flow","FLOW",18,NULL
"0x07af2115d151D42F012aDDF2F436F83A67d908D1","BabyShark","BabyShark",9,NULL
"0x0B6f3A62Db9bD7feB529DF69A33066Ad60234444","HALO","HALO",18,NULL
"0x8F18D878973195aeB021569D49A8D7584A374444","Day 444","Day 444",18,NULL
"0x3BCa3D5c98780eA003B9C514289DB7cdCe869229","moonpig","moonpig",18,NULL
"0x3fd13440dE50aCC7EB5F7950B3c224dde51fA4fF","OrchidChain","Orchid",18,NULL
"0x0aFD646Ec98E5383D0c4e571f964116435B11993","Trump Coin","TCOIN",8,NULL
"0x2657dCBCaf4703530387Cfc3Ef03a69149900447","PumpLabs","PUMP",18,NULL
"0x0F1b7cf1FdB48B7756299e54464Fe343D67a361a","BiTTer Sea","BTTS",18,NULL
"0xC99BD29c1B49C75f2ED9Fb24D653DcD72dd04444","MIX","MIX",18,NULL
"0xf96e8520bBcAF34C9f454406779992702c7A4444","RIP Jonathan Joss","Jonathan",18,NULL
"0x6d4cc9dc49c8450853dec381c65f30a48aa52aa0","Binance-Peg EthereumPoW Token","ETHW",18,NULL
"0x004192F9F5855867EB4f13b18190526A49F14444","BLUE MOTION","BLUM",18,NULL
"0x929b5352Eb78a71bd62f566C18861193F0444444","PIPPO","PIPPO",18,NULL
"0x2882546cfb7e1e0846fbbe783caed8137687c000","ZIMOMO","ZIMOMO",18,NULL
"0x025E904232555967b743e0eA497D184698494444","Bianca Exam","Exam",18,NULL
"0x55ad16bd573b3365f43a9daeb0cc66a73821b4a5","OKZOO","AIOT",18,"https://coin-images.coingecko.com/coins/images/55349/large/okzoo.jpg?1745566014"
"0xB9cc9cf19B05E8c9329Be5642Ff94DC899D501f2","SafeElonMus","SafeElonMusk",9,NULL
"0x6EdE39EDAE7FFb2f39CeaDD46AefA29d6e654444","Shitcoin","shitcoin",18,NULL
"0x3df659BDEF3eA982C67f0287550e799Ba3124444","Sick Puppy","TimWalz",18,NULL
"0x00882D3032ff0efa3105B3e56Fe50418fa414444","gib","$gib",18,NULL
"0xE038910cFF27bacC2d6D82fE2a2877D155734083","JYAI","JYAI",18,NULL
"0xfB0dc818336AD56ef98CCaE1E73a3861e428Ec34","C","C",18,NULL
"0x13Ea27025b5645fb81CD7df2d703bdEe816154bf","HUMA","HUMA",18,NULL
"0x2e7efCc72E3068Ad2c1d3Bd0fe286e7864CABA25","Saudi Gold","SGOLD",9,NULL
"0x3Ba5f5757AC912EC294F93609dF6d04287594444","Big Toy","BT",18,NULL
"0x7FCE42a18F654fDE97aEC34240cE6bC67f4B921B","Strategic Hub for Innovation in Blockchain","SHIB",8,NULL
"0x39d5fF6F1D32f9954B77f0d39E090fDbF52C4444","Cherry","Cherry",18,NULL
"0xC9784f0416c9d0910e91b81b72Cf57F01D9a4444","Yi Dian Dian","Little Bit",18,NULL
"0x7cB9A8b26Ccbe4FaE8c549fC5dFF1888817DE523","BullyCat","BC",4,NULL
"0x6C40034729DC2610330B5BD625E1827f9e7ad12f","Zero Tax Token","ZTX",18,NULL
"0x9742a397F50EBB1fC93beDBF6738705A97a44444","DRIVE YOUR OWN RACE","DYOR",18,NULL
"0x479B0a7FA345bF4313E09284c259A03BF46E4444","Binance Futures","Binance Futures",18,NULL
"0xabfefc25ddccb4725f9d8f950d197f3e6cdee29c","Balltze","BALLTZE",18,"https://cdn.dexscreener.com/cms/images/7ecaecd618826c35dab66f48682451e6e04da8d6bec5a39ab8c4c6efdf73103b?width=64&height=64&fit=crop&quality=95&format=auto&size=xl"
"0x67d25B14C8F89a1ac641080c4adB9Be166794444","Quyuan","Quyuan",18,NULL
"0xDb996AB62D139949Ff002FA5901D9b204Fcc9212","Tesla","TESLA",18,NULL
"0xBb420d9C955764DCf459211040eC6b1D20a54444","LABUBU","LABUBU",18,NULL
"0x7D2d0905A02B998DE75e01eB3CdCE75730438848","TRUMPETTOKEN","TTT",8,NULL
"0x3b02A8491AEC3d58B379e2359e85FD1199EA0c48","BULLA","BULLA",18,NULL
"0xEa15021eB544bf8Baa99BA589855d8a5E6884444","Baby Dark Cheems","BABYTOTAKEKE",18,"https://dd.dexscreener.com/ds-data/tokens/bsc/0xea15021eb544bf8baa99ba589855d8a5e6884444.png?size=xl"
"0x6DAB1f1C4413255aBD2966998Ed270A9604770B5","OMalley","OMALLEY",8,NULL
"0xbAA806881D82C0f2d048b57710919Abe52f04444","MOMO","MOMO",18,NULL
"0x8dDD944F68c709C8DF57887be929E9754a034444","Shiro Pet","SP",18,NULL
"0x8356D83f1f512c818cED5291FE60e22219DD9B7D","Build On BNB","BOB",18,NULL
"0x8cB01c96938417B62Aa4DDCc7861E46B2eeb4444","Notaz","NOTAZ",18,"https://dd.dexscreener.com/ds-data/tokens/bsc/0x8cb01c96938417b62aa4ddcc7861e46b2eeb4444.png?size=xl"
"0x94307EFD56A15096C7379Cd7f0a8060Cd4DD3c99","SLOTH","SLOTH",18,NULL
"0x9eaA73e9B6f41725d62466E41ccE255FDcd4538C","HUMA","HUMA",18,NULL
"0x52aF3cB1d2eDf3C111D04dBCf764244678789cfD","CYI by Virtuals","CYI",8,NULL
"0x72bE0291cD9EAea855750d382F7aB5D601094444","Zimomo BSC","ZIMOMO",18,NULL
"0x26ac4C23aB8c68cD89ee53b03929899d9E0b4444","Lina","Lina",18,NULL
"0x6970FE093FbbB728CED34FB2875b963F4FBE0F8f","Decentralized USD","USDD",18,NULL
"0x65e33D4Ede6EA52F2d1D926AD45E2849ae5B4444","ALLO","RWA",18,NULL
"0xd72eFAD69E556711c786069dd7954Cd4B2cEfFdF","MOPS","$MOPS",9,NULL
"0x14E0D2ae266489918a1d6D5dfee22451d3b54444","GM","GM",18,NULL
"0x69dF5956aE03b533a95061e5D054aD3E7D963c06","BUILDon","B",18,NULL
"0x048E2a4FAcBA6a9B8301764a4D731F81D5dE4444","FREE GMGN","FREEGMGN",18,NULL
"0xc32578E71A5F926E322F64E797B06A32d7044444","USDC","USDC",18,NULL
"0x015f34bFEa8876624fE5f8849738aa91f2f3be3e","Tether USDT","USDT",18,NULL
"0x2794dad4077602ed25a88d03781528d1637898b4","Vite","VITE",18,"https://assets.coingecko.com/coins/images/4513/small/Vite.png?1558014583"
"0x204141544793546A88acfd8Ef7E2979C339B4828","SLOTH","SLOTH",18,NULL
"0x82171fdc1C431b6Fb6ceD5Cf9BA341F4cc82ca51","Sheebs","SHEEBS",18,NULL
"0x397548115C732d873D4d1D8F06f335079774c721","Thankgiving Inu","TGI",9,NULL
"0xdC3A04735D4b5668F7Be1b16C90d2ed713Eb4444","max imalist","max imalist",18,NULL
"0xF554d9e20b255E1b8568f606562056F8A67BC504","F12","F12",18,NULL
"0xDB61234e678836B3249FA1629C8fC6C1ff934444","PVE","PVE",18,NULL
"0xfEE10551AdC38b694E48330025B947328AB64444","Squid Game 3 ","Squid",18,NULL
"0xc7739756fed7C474CbC02630B9ddFeD68FEb4444","FAITH","FAITH",18,NULL
"0xeC5aE22d36223B17Dc695b11b69Afe2e3042D49E","Akasha by Bloomverse","$AKA",8,NULL
"0x3C569607C15Fe959b96431C93103BA79B002E2EB","Cryptocurrency Coin","CRYPTO",8,NULL
"0xF4BC4c937De1D934242a31Eb3c10b358812D4444","inosoul","inosoul",18,NULL
"0xaCA0A6E3e6DDBb79fDC9d3417e834473fc7C8016","Build On BNB","BOB",18,NULL
"0x65042460DBeA910Dc0c7b7Ca4b62AcA4A3308C99","Chef Doge","CHEFDOGE",9,NULL
"0xDd93c94B3aAC2B58C8Dc7826F3418Ca5FDa3f6f6","PURPLE","PURPLE",18,NULL
"0x61c420E051b4Ac85f4e6B4Eb139c6Bf5a8a1B74C","Dante Inu","DANTE ",9,NULL
"0x3459fE2EcAe6D5348d096E0154b81387310d4444","POOH","POOH",18,NULL
"0x90FCCe0A02D3E77cafA69076a40921115D214444","X Party","X Party",18,NULL
"0x1a4c5c74fb1ec39e839799baa0a91caeaeadedf7","AKITA-BSC","AKITA",9,"https://dd.dexscreener.com/ds-data/tokens/bsc/0x1a4c5c74fb1ec39e839799baa0a91caeaeadedf7.png?key=1fea66&size=xl"
"0xCA55ce6fAB299f854Ca9aEdD512ba5c3Dd6f4444","SKULLPANDA","SKULLPANDA",18,NULL
"0x4f7eB15Ad8630D08f4C29BA9d3B6B4606907aFA8","Drewen","DRW",18,NULL
"0x2eCa3767B9659A0B8A0c3831d827474e3fB84444","Locked in","LOCKED",18,NULL
"0xD635c607D787Bd3a743E2502F35E05bB25474444","The Desert Whispers","Desert",18,NULL
"0xbb129448D440275a2B1A4a633971b83D17254444","FROZEN","FROZEN",18,NULL
"0xCf221109f45854ac52159420c543757fe84c113A","ChainAware.ai","AWARE",18,"https://coin-images.coingecko.com/coins/images/53489/small/ChainAware_Logo.png?1736486414"
"0x7A433DAF25f6feFd2a35F70a95c503b532504444","Binance Pay Send","Binance Pay Send",18,NULL
"0xd49b972e8eC1d6F964346a6b51B62321dF354444","1 Billion","Billion",9,NULL
"0xED11b3Fd00f94Fd43eaa1a8Ce165DE25c1354444","four","four",18,NULL
"0x73a08aE5E445906B12061f9485A50f01b6174444","LABUBU","LABUBU",18,NULL
"0x6659D9d5Fc103ABA766E8c861e110F2Ba11862CC","SCOOW","SCW",8,NULL
"0x44F7c5999dD16c6cE8ce6C5B96894960473D32b0","KSB","KSB",9,NULL
"0x04e1386212eADf4Ef384D9F9b0A4a5bCF0194444","Dragon Boat","DRAGON BOAT",18,NULL
"0xedD88431f56D12d5Dfc9ceb699cE19d2bc244444","CZanos","CZanos",18,NULL
"0x3bab61ad5d103bb5b203c9092eb3a5e11677a5d0","name_unavailable","NONE",18,NULL
"0x5E0e60196319ba24C991F74897308713069aDb71","BigMac","MAC",9,NULL
"0xa6830e57a4621e206aA9d69af9b8EEad672168E5","Dog Shen Zhou Token Made In Chian","DogSZ",9,NULL
"0x3e9E4a80f82F333a46695A6528bC8D577fb3E371","Crazy Creep","CCREEP",18,NULL
"0x2F44dc2C5f04f02Bfba8b1E0B18213a46F4F4444","TACO trade","TACO",18,NULL
"0x25d887Ce7a35172C62FeBFD67a1856F20FaEbB00","Pepe","PEPE",18,"https://assets.coingecko.com/coins/images/29850/small/pepe-token.jpeg?1682922725"
"0xba27d0da948566db03f272dc7a90fada1f0ed1e3","Rabbit","RBT",18,NULL
"0x468458CF87dBCC0BCb963d9DB7D20edFa1614444","JAGER USD1","J",18,NULL
"0xf0D5d0BaB69fCf89AE9D151dAe9d7C80a74121e7","ATM","ATM",8,NULL
"0x97910c8b40FdE242e41DFBE8ec386C08C9383266","BTZB COIN","BTZB",18,NULL
"0x2859e4544c4bb03966803b044a93563bd2d0dd4d","SHIBA INU","SHIB",18,"https://coin-images.coingecko.com/coins/images/50193/small/shib.png?1726214772"
"0xFe04D8b7205f7d2764BaCe399278A8c4B5053d15","SOON","SOON",18,NULL
"0xD0a07F0eed65355Cd63F9a6a2DD1F145169f1D48","Labubu","Labubu",9,NULL
"0x458Df032d27d0106DD6eC740b3Bedf477bAD4444","Nuki","Nuki",18,NULL
"0x4f8E6ca404f1BF6FcA92E0E0ea746968dC603773","DefiBank","DEFI",18,NULL
"0x59264f02d301281f3393e1385c0aefd446eb0f00","PARTI Token","PARTI",18,"https://dd.dexscreener.com/ds-data/tokens/bsc/0x59264f02d301281f3393e1385c0aefd446eb0f00.png?key=d04120&size=xl"
"0x89BAd688427DbAf9D5Aee57f17a6d769c7a54F67","SOON","SOON",18,NULL
"0xbD87EE37E40115c409F05f382079cd63025F4444","CSI888","CSI",18,NULL
"0xb20217EC804bE443F39cBd1be6f1292927bFEC24","BEYOND NEW WORLD","BNW",18,NULL
"0xB9e0a8532d3C13E6a7f8E620C1685209395D4444","Mr. BUrns","BURNS",18,NULL
"0x26FD8f0f0e59bc5509b327B57733A617494e4444","sowwy","sowwy",18,NULL
"0x9c47cb952B6b98FFFa99967E784B300c4dfaE0FD","Nerd Mole","NMOLE",18,NULL
"0x17EA5f486Cb2499d18d357ACAF6515C1Fa0041b3","LayerEdge","EDGEN",8,NULL
"0x28232BC6aA0F2ec96Af031Ea86aF129CAD35a534","Make Arbitrum Great Again","MAGA",8,NULL
"0xc0EE50cCfe9ba7eF7967D11c7EB5140B1a784444","KING CHARLES","C",18,NULL
"0x0b8DB0dc65b3CCEE78B2e398c03cD93643e14444","Fostering","Fostering",18,NULL
"0x1C84661f96f96966C87960b8E62682fA49200A20","Principal Token: sYUSD(YUSD) 2025/09/10","PT-SYUSD(YUSD)-2025/09/10",18,NULL
"0xa6CCC30f81F8992E8E36B9ffEED23081360A4444","zZZ","zZZ",18,NULL
"0x0D6CEF2a95eb46F859fb6c7d7F04869a299c9e61","Big Cousin","Cousin",18,NULL
"0x2f07Ee03845ad3dFb343B2b4c9d35bF95039AE92","MSK","MSK",9,NULL
"0xfB7B9E74dB95BF0f7b81580A5edDba408F88EA5c","MartiansCoin","MTC",18,NULL
"0x483285FBaAb85C40E8c159bAa7648d17883B4444","Chinese Stablecoin","CHSD",18,NULL
"0x1332f30DDa64435F8871428a4EB87E2f02a76fa8","SAA","saa",18,NULL
"0xa52fa31B6B2Edc2b262C77EB004794F208f54444","ALIBABA","BABA",18,NULL
"0xb193552EC48eCE9b3fd94A3b63a39b2DC1fb4444","RedTesla","RedTesla",18,NULL
"0x68aA89493f7D3C59140554090745Cf39d1880e96","SLOTH","SLOTH",18,NULL
"0x2e5D56de1b1b7719942900f72BF657426B234444","FORBES BILLIONAIRES","FBC",18,NULL
"0x23bc9dfd7c32660bcbc2a28614d8de9ac65b0687","BTN Finance","BTNF",18,NULL
"0x0d375Cc2939997c3d8aDbC98543A6af2Cc776494","KOBICOIN","KBC",18,NULL
"0x62580eBf6daED139317b5F027B92F1f7CD2B4444","sticknation","stick",18,NULL
"0x9E5Bf8e75026A53fCDe3Ff540Ef4E1eae1Df4444","KITTY","KITTY MEME",18,NULL
"0x531e982FE9bfF2dA245fb82c378D5f38092f4444","MOMO","MOMO",18,NULL
"0xc474a6C106Be05bBf0B24896dFbE98C8fE714444","900000 blocks","900000 blocks",18,NULL
"0xD32Faa1256fC7f792A4987051df4b35E1383C57e","Blum","Blum",8,NULL
"0x95Ec8cB18A87D5D95646a20D3Df1b058D1f14444","Hal9Ai","Hal9",18,NULL
"0xBDb329F7054D9F7b0cfd3f81f89eF6088eDF4444","WFI","WFI",18,NULL
"0xf5e9e4Dd1Dd140337DD2355d475F65D43Ab64444","Brain Boost","BRAIN",18,NULL
"0xce9C833989226BC3F118E54e6cA0525C6BbB05b0","Black Lama","BLAMA",18,NULL
"0x401Db10D04fDb251c752b71142Aadf5F4eec89f8","DOSS","DOSS",18,NULL
"0x3714cca87773bb05a1c7fb365d94f8abdd6c9c91","name_unavailable","NONE",18,NULL
"0x8cA7549A71e66B273A58FCe2cCf86e4c504e4444","DogTrader","DogTrader",18,NULL
"0x0dd5e8A704555Cf50E5F1319007a7e5329544444","Grass","Grass",18,NULL
"0x36DDa9A9A2EF1A4011C91d4Eca7A02F188324444","Glue","Glue",18,NULL
"0x6665E2474255e4E9731aBC4634bF0D69031AcE19","JAVA","JAVA",18,NULL
"0x4ef8C3b67bCd48d2dB7FeF44995D059eACe9BfCa","Candle TV","CANDLE",8,NULL
"0xd2d8E02dEBa02bC1e79FEd568dA35b45bd234444","chillcz","chillcz",18,NULL
"0xAc06090457b73FfCBA153D5D9C4A169dD2824444","bnbcoin","BNBCOIN",18,NULL
"0x96Dc2C606fab42278fe22330EB86ee0a76C64444","PrimalCoin","PRML",18,NULL
"0xbE9cCe79F099D9817EEa45b558DF3Cae9C500d58","PI","PI",3,NULL
"0xDC77b267fcb1977e019772D6BA40dD7A964f6363","BabyFloki2023","BF23",9,NULL
"0x0bB0Cdbf2456d867fbe71f2ba62B0E4aeeb617b7","ShadowEdgeCash","HEH",18,NULL
"0xEcbDF358f2c3B3E28C37258C5e5f47E3cEaC2117","moonpig","moonpig",18,NULL
"0x6eef02e8e07bbf7fc8c5d7ab364fd6cd5079bb0e","Degen Danny","DANNY",8,NULL
"0x202d1089c19cdc59c1cc8b6a1b5fd0582bde8be0","A","A",9,NULL
"0x475bfaa1848591ae0e6ab69600f48d828f61a80e","Everdome","DOME",18,"https://assets.coingecko.com/coins/images/23267/small/Ix-ms0fq_400x400.jpg?1643414048"
"0xe1E22DD2594382c79913ce43a42A7782fE7231a2","Homer","Simpson",18,NULL
"0xB5BDdAA8d907442024D4692B8a72aC0606C04444","Labubu on BNB","LABUBU",18,"https://dd.dexscreener.com/ds-data/tokens/bsc/0xb5bddaa8d907442024d4692b8a72ac0606c04444.png?size=xl"
"0x68bd0cAc0b55a176E123be7aA510c2617Ffc4444","Bbubu","BBUBU",18,NULL
"0x3A426407dd052b6814BE856dFc5819C5a08CA3d4","ProtoKOLs","KOL",8,NULL
"0xcE186ad6430E2Fe494a22C9eDbD4c68794a28B35","LoopNetwork","LOOP",18,"https://assets.coingecko.com/coins/images/24259/small/loop.png?1647170665"
"0x0800c161479BD83393E731F91e1c52e505e64444","BNB GIRL","BNB GIRL",18,NULL
"0xb85a738aE6d0A16117068F233798A299e5484444","? coin","? coin",18,NULL
"0x0315B09EafBbacE1bFDD06cb7cE99d3E1e328447","TetherUSDT","USDT",18,NULL
"0xcF640FDF9b3d9E45cbd69fDA91D7e22579c14444","gorilla","GORILLA",18,"https://dd.dexscreener.com/ds-data/tokens/bsc/0xcf640fdf9b3d9e45cbd69fda91d7e22579c14444.png?size=xl"
"0x92aa03137385f18539301349dcfc9ebc923ffb10","SKYAI","SKYAI",18,"https://dd.dexscreener.com/ds-data/tokens/bsc/0x92aa03137385f18539301349dcfc9ebc923ffb10.png?size=xl"
"0xe3e783c37b28e23421db822490704568d6581a81","Sora","SORA",18,NULL
"0xBD9f353F55730b2e01Cb8b56bC969b72Cf3C4444","Binadrake","Binance Drake",18,NULL
"0x5B9DF543E2C64Ed0210DEf374Aa2118337F44C07","Pepe by Jason Furie","PEPE",8,NULL
"0xE455d9C1278CFb04E18171367A733a8cA6a85870","Bafang LAI CAI","LAICAI",18,NULL
"0x0f8559Db7De89c8839Eef710Ff5A7F953d564444","PizzaSuperman","PizzaSuperman",18,NULL
"0x7992d13d83b7b73Ba3a975BF2bDc38EaD7Ca4444","Dog wif Socks","DOGWIFSOCKS",18,NULL
"0x9f7416F58020d7D51e462E1742B1f256D23A4444","Loud","LOUD",18,NULL
"0xB0063a21d9c09Fe614562B5F967fd1C084624444","BobbyBuyBot","BOBBY",18,NULL
"0x1730A3A238c552C21932A4Eb4479767c7Fa492A5","Oho","OHO",18,NULL
"0x0864c156b3c5f69824564dec60c629ae6401bf2a","Streamr","DATA",18,"https://assets.coingecko.com/coins/images/17869/small/DATA_new_symbol_3x.png?1629692324"
"0x471588bD8a4e9Ffdfa452805B851469550E58Bfa","DeepSeek AI","DEEPSEEK",8,NULL
"0x1464292f66737629c9e8dfe28e735556b6484444","Poopcoin","POOP",18,NULL
"0x15ea6b8481bf1c991ac3dc8e67279d31651a56fe","Cylum Finance","CYM",9,"https://assets.coingecko.com/coins/images/24642/small/nL86PqSc_400x400.jpg?1648509467"
"0x04b54782B88F277e8B1b4f6AC6aFBeEb51413805","Toke Inu","TOKE",9,NULL
"0xACe8141C8B6Bb152e82060D4Acd9f49A5a075baf","EL SALVADOR MEME","ESM",8,NULL
"0x7A327C025B4F84D680A9F80f66DA25d1b2c64444","M","M",18,NULL
"0xC95b28AcddBe40a035766355D8EfA455A20d4444","Cross bnb","Cross bnb",18,NULL
"0x5acb450351c7B3b6142DD31b631A5feaece94444","KBNB","KBNB",18,NULL
"0xd86E6ef14b96D942eF0AbF0720C549197EA8c528","RDO Token","RDO",18,"https://coin-images.coingecko.com/coins/images/55332/large/reddio.png?1745470527"
"0x0302FFE71e5d6F6A0C17257de952ced680D14444","Pepe Wif Mask","PepeMask",18,NULL
"0xb403305AAd2Db68211b67F179e61595BbA234444","Binance Bnb","Binance Bnb",18,NULL
"0xbd4F799af5E4fA9aE2Fe8015Fa205A51DBe14444","Binance PLANET","Binance PLANET",18,NULL
"0xAf63E9611d81fcbDf7416fccC3654304e87A2157","The Open Network","TON",18,NULL
"0x7501cF37D3b70251f986e0Ad3637aad4a9304444","LEGO ZOO","LEGO ZOO",18,NULL
"0x200b05b7086FC0B0Aefb17Efe865aBbf78A24444","PEPE USD1","PEPE USD1",18,NULL
"0x5b254005F60e80bd5341bb3B7dB96b6a6a8A8d04","Google","Google",3,NULL
"0x427325fD47548F4644b3E7DbA10EaAd6802b4394","BULLA","BULLA",18,NULL
"0x55401Bc9FE3fE31D80C5960dF91436fDAFe71d6b","HUMA","HUMA",18,NULL
"0xaA4d422987BcF76aB546342b95452112d76F4444","Africa CZ","TENGE",18,NULL
"0xE89A28E6dA9bC4dF19603ae00198334F9a044444","Binance Dog","Max",18,NULL
"0x325DD9e178E5C0ec129D73B69332D66a2A654444","BNB314","BNB314",18,NULL
"0x1af6A54da8808499B4Ae13b0ACF6b9F01dA34444","Baddie of Binance","BoB",18,NULL
"0x053962CC889c4B43B3d1eC8EE6F317cCF4a660D8","Mean Puma","MNPUMA",18,NULL
"0x6753c8c9061D7c9ACe4A7DdA6889F130a6E45357","BabyItam","BabyItam",9,NULL
"0xD2C4b26d085583E19DeBBc3127D862fba6934444","Rexoul AI","Rexoul",18,NULL
"0x0f7094bc7c6C3146124fA288EAF90ab1b173e87C","DREAMX","BBB",18,NULL
"0x608ed7d78c953385A22110E9d0f010E2509A8580","Fitayacoin","Fity",6,NULL
"0x7527ef2cfef9ac898de2d8e34b088a5de3fbdb2b","Win Hash Meta","WHM",18,NULL
"0x53b3338e3345758ae88b930e3d9759a95c5ce05c","GenshinFlokiInu","GFLOKI",4,"https://assets.coingecko.com/coins/images/20292/small/sUdVrvb2_400x400.jpg?1636814111"
"0xca437c76D653128b48aAB876D6468FA8609024EF","LayerEdge","EDGEN",8,NULL
"0x57a6f31c6d3b41d85667a3ee8cb4db01a6d14444","Make America Greater","MAG",18,NULL
"0x5F594A3507E35Ff926d0A404D8262Fd856Cc7483","SHIBAINU","SHIBAINU",9,NULL
"0x3a67ba376A6DCFC00695df99b41a36df46E84444","CR7","CR7",18,NULL
"0x39249A07932f18fa4E0096c926a7dDe08A9BE9EC","AUTHEO","THEO",18,NULL
"0xE5Cc2dceEfdB5F9da67fA335Db31451324EF4444","Build Duck","BUILDUCK",18,NULL
"0x531bc6b0A62DD5461aF10d3A4DB6a0e563f04444","NAILONG","NAILONG",18,NULL
"0x47D4Ae0ac9fcB6E79B58661Dd144b04d8b7a4444","WLFIGUITAR","WLFIGUITAR",18,NULL
"0x5c9F5a8E061670c4d8AA24532B4897877E980C0C","CREPE","CREPE",18,NULL
"0x5Ab59979EA843d5cE0B667f59f2543dF19bD3213","The Dogefather","DOGEFATHER",8,NULL
"0x7Dede0c18Fb87335D35CB274C73Dba79B91F4444","LongZhou","LongZhou",18,NULL
"0x6Dd4FD0A48D3b22BCF6e3b1a75771C17Fc2C4444","2049","2049",18,NULL
"0x676D29C9b48584100e8Fd077b78a02B36c4d4444","TraderS","TraderS",18,NULL
"0xEB4e7CDe2Cb27e122B7aAb3c3D8fB4A05fa1139b","NEAR Protocol","NEAR",18,NULL
"0x64311e1BB82c9Fc54C0996411C9756DdC1785078","Circle","CRCL",9,NULL
"0x5965Ad1eA0f8aE1204C4d0b3D2e611572d264444","TEST","TEST",18,NULL
"0x3701289c3fb42d7b9cb4ab43cdab34276b133a04","Litebit Token","LITEBIT",18,NULL
"0x22D66F8389c6E2Eb2774976C7A9091ba0e504444","Glorb","GLORB",18,"https://dd.dexscreener.com/ds-data/tokens/bsc/0x22d66f8389c6e2eb2774976c7a9091ba0e504444.png?size=xl"
"0x4aDE32598Fe2CaA549Fd7c720BB91C0111314444","CrystalMine","CRYSTAL",18,"https://dd.dexscreener.com/ds-data/tokens/bsc/0x4ade32598fe2caa549fd7c720bb91c0111314444.png?size=xl"
"0x5c6D750ab014572a8553aFD3DaBa514583a64444","Bitcoin Price","Bitcoin Price",18,NULL
"0x432f50796d382086f847ba9a6ab1274e6a034444","DogeKing","DOGEKING",18,"https://dd.dexscreener.com/ds-data/tokens/bsc/0x432f50796d382086f847ba9a6ab1274e6a034444.png?size=xl"
"0xB5EAac8c67c54D56993114107922dE762Aa14444","DaoVerse","DAO",18,"https://cdn.dexscreener.com/cms/images/c5651f85d27bdb32391c50b70ff1722d9ffa1e4a785cb9ff576472cc14959eed?width=64&height=64&fit=crop&quality=95&format=auto&size=xl"
"0x829c0DD8C40c1173428296F8F2F55448eFdE4444","Panbubu","ZKML",18,NULL
"0x669c6314c99DbEcfA80C40175F5FaB8545924444","A","A",18,NULL
"0x3976C28fBc9E7B1ff714a147050A1DD598C9175d","WLFI","WLFI",3,NULL
"0x3bc4498039Ea1DeDEAC4A13190d69D631511A3a6","Capybara","C",18,NULL
"0xa41486CC5E75dd835D0c874a306b0e6DCdC2D30B","Ronaldinho Coin","STAR10",8,NULL
"0xFee7D9522d692034f1a5492398D65DC839E44444","Big Nephew","BN",18,NULL
"0xfce90055692Bb4BBdF16a81c536365c8b2c29a86","World Liberty Financial (worldlibertyfinance.ai)","WLFI",8,NULL
"0xe9Bf5859ed2a8550cEE0e1D46023FCB902cCf3eb","Raydium","RAY",18,NULL
"0x0b6b1ae1aef87158ddd18a2f7a445ab69c904444","President Vs Elon","PVE",18,NULL
"0x7E8cF89b24a3f1b438e634504d7156A65f4e4444","Bn charts inside","BCI",18,NULL
"0x2eed60637CD69e863D0265601785Bf02B90b8413","BananaRepublic","BRP",8,NULL
"0x8187Fb07C7ac217330175F06269Fd668f2a23c75","Robinhood","HOOD",8,NULL
"0x6d0B1e6E6e13Ae4814e387557F2c39b14ddbc827","NOWHERE BINANCE","nowhere",18,NULL
"0x258903A8e68d5248dE85CF8a0a173d9e046EdD98","Baby Elon","BABYELON",9,"https://logo1.birdeye.so/resources/bsc/0x258903a8e68d5248de85cf8a0a173d9e046edd98.jpeg"
"0x668D47F440d785bD2Ec338B7f0399006653b7e64","RWAL21","RWAL21",18,NULL
"0x8f97510935c122F6B503002aAe95E503BdE74444","NaiNiu","NaiNiu",18,NULL
"0x8061189A08a9235BdB9AEa2Ec2B2ac9eB1424444","I Stand With Elon","ISWE",18,NULL
"0x164035760aB0208755849b3246545E0ed5114444","BABYEGL1TOKEN","BABYEGL1",18,NULL
"0x8034db1406278ba38e2fEC8dfe13a0a80c344444","B","B",18,NULL
"0xB32084E94A4Dac9Bb89Be46e73d8Da4342964444","C","C",18,NULL
"0x121bB80fA632974bA8347138746Dd4BECcBd4444","The Xuetang Archive","XUETANG",18,NULL
"0xA775E7DE6902A08Cd369d70C11BC1ea629953518","Labubu","LABUBU",9,NULL
"0xbcB5835F5Db07Df4d32e1CcCc4449c6e62A7005B","Cavada","CAVADA",8,NULL
"0xCEe268ad57D34B77add06cb9bF52c341A72a33DB","Happy Snake","HSNAKE",18,NULL
"0xC4cc47BAE31FD48800A7A427633De3afF2B55BA9","BallsStored","PEE",18,NULL
"0x1529F16c8B96BE0bE0E2094EDA2635CFa2074444","CRACKDOWN","CRACKDOWN",9,NULL
"0x5599C861878935DeeeF32a65B7f4812299154444","Altseason","Altseason",18,NULL
"0x6b49fef374a764484b07557a11f061b2a9354444","Stickman","STICKMAN",18,NULL
"0x0EC2bB28Ed9234edB6b77975BE46B1EfE9934444","Z","Z",18,NULL
"0x4647D0FF1eA95895A4d252B31C91B8095C2C4444","EGL1","EGL1",18,NULL
"0xE7691DA916D3490b9Ed86Cdc0a56039A92699999","angel","AG",18,NULL
"0x8Ec356c03C051a59F2be0A723c7D6F3635464444","America Party","AMEX",18,NULL
"0xb54b98e52a8e85ee1b19afd0f65232d7d78da6c0","DPS","DPS",18,NULL
"0xB588784782A21208381E4eBc8372A77cd1B6a054","$TOKEN","$TOKEN",18,NULL
"0x513c285cd76884acc377a63dc63a4e83d7d21fb5","CryptoGPT Token","GPT",6,NULL
"0x1095647CCc58C9f7f579fd00C261908b9b3ed62E","Universe Boss Coin","UBC",8,NULL
"0xe3B75fd907D3df1c2014A1Bec0996b964271cdF1","Bulla","BULLA",8,NULL
"0x4ed17383007504a8Ac1aDf8a52810A60104A4444","GaoKao","GK",18,NULL
"0xA149003b2c9a87042cc5761141e44Fd27D972Da5","SOON","SOON",18,NULL
"0xbf90f14380BEDd891DDe00F34758DcEded224444","ÂîêËÄÅÁöÑÂΩ¢Ë±°Â∏Å","TANG",18,NULL
"0x64aA410716eACfc9D75d901fD24Fb148Eb146885","BareMarket","BM",9,NULL
"0xcD1bA21697929fc63044b8C708D6db418d63dabD","Bondex","BDXN",18,NULL
"0x5dCc0D676e42b5F71eD16c194Be1037A84EA8833","Spaceinu","SINU",18,NULL
"0x0321e9Aa73F2920080a06997FEE369cDF6034444","MubarakX","MUBARAKX",18,NULL
"0x069EbfD869Ac90C2Ff2d99c1D9546Fa9E8604444","BIMOMO","BIMOMO",18,NULL
"0xd48b64B31d44bec1ED453B09050B8B14c901Ff2F","Raichu Inu","RI",9,NULL
"0x128777298cD00671DBa9f73b52415D529a854444","FourMemeBot","FMB",18,NULL
"0x531d5ff75DA5203bb5F71A9822e7BCC118654444","KINGCHARLES","KINGCHARLES",18,NULL
"0xb02d32608f65b36Dc4c30F5e41c483fE141d4444","Bnb Man","BNBMAN",18,NULL
"0x43D72CfBE47519e8f98576628acF51Db2e814444","O'Malley","O'Malley",18,NULL
"0x2Eb6e046781328d2bffb6d2F57314Ba586574444","BOBO THE BEAR","BOBO",18,NULL
"0xAeE94Fec0f8990A18DE7E8FD13cDAAf50eBc4444","Boltz Biomolecular","SpaceX",18,NULL
"0x753376adc6BF42c316efB8F1aF262B2Cf0264444","Kabosu On Chain","KOC",18,NULL
"0x502bbd6B56FfCfD8c8b0e46Eb43F24765C744444","Janitar","Janitar",18,NULL
"0x54Fe03c854d8CF66c708BFD75a78f31536C75Fd5","Plux","PLUX",18,NULL
"0xb2d4533Df87aD8E9Fc25C17FDBC5817a561Db5Af","BOZO COIN FINANCE","BOZO",18,NULL
"0x51cF4242AC4Bd24Ff6D13Be521CBa280962b4444","Binance Pizza","PIZZA",18,NULL
"0x4865e1a37409209dabe288bcb539e86b774aad2c","TiFiToken","TIFI",9,NULL
"0x992e11B4BCD595351442E43BaF15A8E2Dcfd6F6d","WLFI","WLFI",3,NULL
"0x944298DcfA8fc655290652eE0dFe98eB9fdB6bbc","OpenAI Pro","PRIMUS",9,NULL
"0x8224585aBEfa9cd7930aefEb83B7D6452bb70a3f","Batpe","BATPE",18,"https://dd.dexscreener.com/ds-data/tokens/bsc/0x8224585abefa9cd7930aefeb83b7d6452bb70a3f.png?size=xl"
"0xb0b067700F2168d42756cf7F3b90939D192901B4","Bold Shibu","BSHIBU",18,NULL
"0xf43B12eEf01c0FE500977374bddFB4da8e099D4d","BUILDon","B",18,NULL
"0x7E6941e764995795BF2207237122b7bCB797A640","BAOF","BAOF",18,NULL
"0x3Bb17f87a323B536b6D9CC41d8B68E9ACdEB4444","Gud Mornin","GMPEPE",18,NULL
"0x6ACFFe87A43155B8300d1E462cee97d7fed902D9","Messi the GOAT","MESSI",18,"https://dd.dexscreener.com/ds-data/tokens/bsc/0x6acffe87a43155b8300d1e462cee97d7fed902d9.png?size=xl"
"0x7857735925639Df3316F31C9d8C38aA579D04444","The Go Gopher","GOPHER",18,NULL
"0x34195fd824355aec1bdceea97697b35be691bcb3","BSC Gold","BSCGOLD",9,NULL
"0x4CC9E9a749Ec6DaB2b39dA3Be06b6B2ec5fa4444","BURP Pepe","BURP",18,NULL
"0x0e66dAEea1fdfFAbBf5258E267eF6A8DF3150113","Wrapped Avalanche","WAVAX",9,NULL
"0x8cEAe826D99A8936bC5e2d2e1e7f79afA0408315","SmartPool Token","SPOOL",18,NULL
"0x0B09Bbf7ec0ee149E0346c29cC16452A2c18Ca3c","ELON BUYS TIKTOK","EBT",8,NULL
"0x0eB57B50f5fffD661abeF0339Ef0CB6eDb437B54","HUMA","HUMA",18,NULL
"0xAe50dD4B6e27585D008527a2dCfC318d76f34444","labubu wif hat","WIFUBU",18,NULL
"0x615B00AeDF39843A15Ab4af760a8f3f89dAB4aa0","HUMA","HUMA",18,NULL
"0x365F09fd526ba76f2c4E56c5415E375831764444","Towns","TOWNS",18,NULL
"0x3291a9352e553740bf78ce94fad611924b640d0f","name_unavailable","NONE",18,NULL
"0xC015697752fa1E1C15e9aEDD12CBa47332f918e7","Sun Ant","SNANT",18,NULL
"0xCfe0c5fB6Ecb42482D2E6bA7D88cee5ad94e4444","DOGSHIT2","DOGSHIT2",18,NULL
"0x9EB3BEce55bF6aEd5284df4c1E1e6fb5BD7Ec56E","GameSwift","GSWIFT",18,NULL
"0xd8ab8619a6F99685c9C7D73B1fB0A8952AF74444","FILNOR","FILNOR",18,NULL
"0xdf296EA217AEC7e118FafA9b2Ce20d0cFccd2EaF","Boundless Network","BUN",18,NULL
"0x2d1466d5Da0Fa3Dd91827D9CF5Cf4F7c69328489","Russell","RUSSELL",8,NULL
"0x6Fa339bC95f9c97faE9F7A1e900249AA81793148","Kairox","KX",18,NULL
"0xC59ed3823783F3CF51a59070b118426b249c4444","NODE","NODE",18,NULL
"0x2A6a95405434A2326dE9D2fb116D1Fa72d654444","baby elephant","BABY ELEPHANT",18,NULL
"0xa292d0a93938633597211fef70b296b6a255c0c3","DETECT.EXPERT","ANTIDETECT",4,NULL
"0xCF0072032ED0Cd951dD43622bC60D80408f52117","BAKENEKO","BAKENEKO",8,NULL
"0x7c8cdB91b35263aFa4cf0Eb03FC8474Df2fC6B8E","GUNZ","GUN",8,NULL
"0x0B2fAa8c2CAF9cb0Af49Ec1F09c5b1731d544a16","TUKI","TUKI",18,"https://dd.dexscreener.com/ds-data/tokens/bsc/0x0b2faa8c2caf9cb0af49ec1f09c5b1731d544a16.png?size=xl"
"0x3EDf07039672eafFEaE0A3767fD460afFba44444","pizzas","PIZZAS",9,NULL
"0xb479A48088044f11a9be4B44C781f8b9F21E4444","Lirili","LARILA",18,NULL
"0xfcf0E7AEf82C35295cdDadC1345Cd1354D024444","PANICAT","ZUZY",18,NULL
"0x3a85806c6f3F8c538c31c28a373FEeF7669747F2","W","WMAGA",9,NULL
"0x39f83A1F7616855A2d5b6d573221Aaf85FAB4444","Falcon9","Falcon9",18,NULL
"0xeCd4F999Da04327b8Be933B8E4D3e8B129034444","BullFrog","BULLF",18,NULL
"0x4564785C7F20AFe99b8A0b3C92fbE378c9794444","RISE TO MASTERY","LEARN",18,NULL
"0x09D0566E446f0Bcccf55bc31112696C2aee84444","CZ WIF MAK","CZMASK",18,NULL
"0x1Fa22E3b5Bd96fd31AF40D3d1d895f37d36731d8","Dumpling","DUMP",8,NULL
"0x0e376CeB2d867FEfb4E5e1Da053602baF3594444","YIET","YIET",18,NULL
"0xe2758963000370bB01bfdf940B3732e0DbB3E989","Palantir Inu","PI",18,NULL
"0x2731B4a855a39ecC5F22205DdB723445B8C14444","SER","SER",18,NULL
"0xE6E1d832e60FBb442c1C234A599D9Bb6478e4444","Bucket donkey","BD",18,NULL
"0xFa789f9393CeE71Da3e06a1F1E9edB2DE235EAB1","ViChain","vIC",18,NULL
"0x569bD611fc8A799AF49b18395E0147AdC152934e","Token (BETA)","BETA 2",9,NULL
"0xb40f2e5291c3Db45AbB0Ca8DF76F1C21E9f112a9","BRIC","BRIC",18,NULL
"0xdF667a7e86175C05e7BcAd03C32708c1fa3F4444","HUNTER","HUNTER",18,NULL
"0x7bb9fa5Bb04D04566D57ec5c2F99aeE3CB8C4Ef1","USELESS COIN","USELESS",12,NULL
"0xdb0A079FB29CdfF0803FEa330936a3A9989C4444","4E4E","4E4E",18,NULL
"0xdc20dA0D50e0c83ffD79D472366a656407AC4444","valentine","V",18,NULL
"0x3E33A6450198fd6EDD4E8161A714a89cb8Ca4444",".U.",".U.",18,NULL
"0x9C3e3A8005103D3422501b5f34252311015B4444","Tailor Swift","Tailor Swift",18,NULL
"0xeAf40d773D0e41e5648d944F47b0933F5f4c074b","King Charles","CHARLES",18,NULL
"0x18805e25D51c6a23Da6a568637245812b2072706","NIRVANACOIN","NIRVANA",18,NULL
"0xA335c8b367924474D76f957A1d873ad98f494444","BINANCE","BINANCE",18,NULL
"0x7025A845A97e3E9CD2e024022e7b94236F4D4444","YOUTUBE MASCOT","YOUCAT",18,NULL
"0x2b58154d2d0333F671a87E247257802C86B54444","üëå","üëå",18,NULL
"0x3b138c575bFCbF0F6E800a78fe23c5fE7B584444","Stylish","S",18,NULL
"0xb7764133D62E031Fb561A08d9AcE0D08b980940C","FACEBOOK","FACEBOOK",18,NULL
"0x9b44df3318972be845d83f961735609137c4c23c","Propel","PROPEL",18,"https://assets.coingecko.com/coins/images/8794/small/-RNl00DU_400x400.jpg?1601543259"
"0xd8932e6a93C5f2F337ec9D46dF07cE42b5c3e246","BTCDOGE","BTCDOGE",3,NULL
"0x1Be5AA977a15D7716B37f740A6eF559a0e17a338","BEE2.0","BEE2.0",18,NULL
"0x999E5E23dFc423C5C5Fd4BAb30577712E9834444","Abulla","ABULLA",18,NULL
"0x59D12841B6acF6aaE19645394385cEc05Eed4444","Green CZ","GCZ",18,NULL
"0x344384aB2DdD3DDeBCD77cB07ecd0a62daa94444","EGGCELLENT ASS","EGGASS",18,NULL
"0x8ac76a51cc950d9822d68b83fe1ad97b32cd580d","USD Coin","USDC",18,"https://assets.coingecko.com/coins/images/6319/small/USD_Coin_icon.png?1547042389"
"0xA10262ebC311f4Fd96B369a25a4D4ca0b90310A0","RiceAI","RICE",18,NULL
"0xF76a8542e5D7aD911235bbA6a38bc148857F262a","Robinhood","HOOD",8,NULL
"0x99f04be69e62E9F5313af682EA8D4AaFd04e4444","Official Mauritius","MAU",18,NULL
"0x5838731ad11900b87f7751bFB12154f4947Fe2F4","Floki","FLK",9,NULL
"0x4DFbb9B9b74231F053A95D8b00Fc79Fb8Fc14444","wallet","wallet",18,NULL
"0x00f9928315196cdfbee0205520a8ebe60d9172f0","Develocity","DEVE",18,"https://coin-images.coingecko.com/coins/images/34688/small/Develocity_Finance_-_200x200.png?1716429012"
"0x4432268A178ddb27091725BE3a6807000c5ADa94","MegaGen Energy","LYT",18,NULL
"0x68A726a894379702c5fDEEccc4f5dAb040ea4444","Baby Gork","BABYGORK",18,"https://dd.dexscreener.com/ds-data/tokens/bsc/0x68a726a894379702c5fdeeccc4f5dab040ea4444.png?size=xl"
"0xb1cDb3469c6e451DE05E341476B6d85bbfdC4444","LAGRANGE","LA",18,NULL
"0x29776FcD48e9506F9421CEC21cd48304Ff564444","üëãüèªÂìàÂñΩ","üëãüèªÂìàÂñΩ",18,"https://dd.dexscreener.com/ds-data/tokens/bsc/0x29776fcd48e9506f9421cec21cd48304ff564444.png?size=xl"
"0x1E97b89C8E9554100364fF838E68a4Ff2f5869Dd","BULLA","BULLA",18,NULL
"0x5051397b0Ff82858f15D3EEfF857191aC0b356eD","LABUBU","LABUBU",18,NULL
"0xf8feC61Aa84C32f24A2154EE997edd9d534815BB","ZemmelCoin","ZML",10,NULL
"0x994Ae0617A738F21b6775b77A3d460eE03514444","SG","SG",18,NULL
"0x71122b3aadce1ef7bc5bb4a2a644af0b478af548","name_unavailable","NONE",18,NULL
"0x3aCB936685Aaf048Adf4dfF1cA68341001Db4444","BNB Builder","BB",18,"https://dd.dexscreener.com/ds-data/tokens/bsc/0x3acb936685aaf048adf4dff1ca68341001db4444.png?size=xl"
"0x627f8d76474d15a022382197c36bfda5b5cc4444","Ducky","Ducky",18,NULL
"0x8CaD0E10f2614646C30295120cE125eDb0ac4444","DEBT","DEBT",18,NULL
"0xcFf033aBF2267268aCF4062b522cE7F1e03c4444","MubarakX","MUBARAKX",18,NULL
"0x0448fbD6A47e1578623E5d39AbF2965167556EA5","XRP COIN","XRP COIN",18,NULL
"0x776917F56Aada5191f41538aD2a7351F42384444","catwifmask","MASK",18,NULL
"0xd9097c46270e81494c0d5bab57e02418603244a0","B","B",3,NULL
"0xC643a5796551737387Fc682d2176DeE8B43ca13e","HUMA","HUMA",18,NULL
"0x299cca04692F41B6c36e032295A9C0f59C1a7A73","POZ AGRI COOP COIN","PACC",18,NULL
"0x3B8E09AdEA3c4fb5D4f9ED02de9E343D6E07D1c7","MAOGA","MAOGA",18,NULL
"0x9d442e14E2A52F164A27e15881f1A58116324a81","King Neiro","KINGNEIRO",8,NULL
"0x3d3c6AB1b349bb7783D681aa2FdB33719a6B579b","HD","HD",18,NULL
"0xD2592397dA086BD2c98D8f1BC739fCd020124444","BitDeer","BitDeer",18,NULL
"0x8D19Bf8057e386696E7647ef6d53622Fa5d14444","Tian.AI .Bootlicker","TianAI",18,NULL
"0x8595aae19fa5590ba7627C66773070871CeF4444","big black cock","BBC",18,NULL
"0xa0fbD44F865F25dE4756926D5f6b89301519ed70","ASA","ASA",18,NULL
"0x3B28c4F8c654ABd30d4E569fc4c908c7540E016F","TALLY","TALLY",18,NULL
"0xea98d68E372E1625b64a1A16fa94d23EB1984444","Binance Hero","BH",18,NULL
"0xF2ecEC6609813506f83719dBF4E8AA5C16A50d83","moonpig","moonpig",18,NULL
"0x94c36f63F8e0f6fF669e5E3E311dFcb366344444","RING","RING",18,NULL
"0xfd54ca246277643af35d04517346cb8e7747223b","X","X",9,NULL
"0x058872A9AF20A20BdD67dDc6946Cf01064a31Eca","moonpig","moonpig",18,NULL
"0x740Aed47d0264aF823f067e4c4870fE6b5484444","Weix inCreativeEmoji","WCE",18,NULL
"0x487f3ADe502C0569669a4e1A0d3F360c55f34444","The richest man","KING",18,NULL
"0x548718a41ddd9459e799e21adaa2fe713b666666","name_unavailable","NONE",18,NULL
"0x9D643ac0aE5Cd433371A69Ff93F75C203930b926","HeavyLuck","HLT",9,NULL
"0x17DaE148253f30b2dfa29344C8F7C3CbA1064444","SideKick","K",18,NULL
"0xae65dD61D5B12ED597A5cE1759BA350325D74444","CZ Admission Ticket","CZ AT",18,NULL
"0x3c0DA0e5Eab5f98d86893A4eDFcefF383DB0112c","Ultra Stealth Token","UST",18,NULL
"0xB50A111DA8002716D74233D68352033d9D0e091B","BIDENCOIN","BDNC",20,NULL
"0x42fE4af129E01BC7DA698C1d56d44D02A12aDC5c","W","W",18,NULL
"0xb36662db8fE30e51b2a8f97779b6D4598139A62D","CROAK","C",18,NULL
"0x040763679926f1a81078E67B55a96965c86C44B1","KENZOINU","$KENZO",9,NULL
"0xDeeb2a8e12b6293405eA7f0f11303C3A3E554444","HTXBUBU","HTXBUBU",18,NULL
"0x58c68bf9b457020e401f858011E9F035b10B8Ab8","CAKEDOG","CAKEDOG",18,NULL
"0xC3B64232b9e8365bCdE19BC64D2A304ca4464444","Great America","GRAM",18,NULL
"0xD4EF4c4A3FcF611C6B77EEC98FDB3d2848f5293e","BOMB","Bombie",9,NULL
"0xe3d4aBBae689954A793178Bb8f3ef2837Ab14061","OSOL AI Index","OSOL",8,NULL
"0x1B1AFcB41A8b674e88FB38AD641Bb96236841796","CROAK","C",18,NULL
"0x61cf63E51Ba604f3a246192a7c855DddbEEb4444","BALOBEN","BALOBEN",18,NULL
"0xa62FC33D0071F58015b25DeA711466e7D6f19A65","Baby BNB","BB",18,"https://dd.dexscreener.com/ds-data/tokens/bsc/0xa62fc33d0071f58015b25dea711466e7d6f19a65.png?size=xl"
"0x0c2e4ac4203123c9Dc748760398B69c77A4b4444","no face","noface",18,NULL
"0xf268c6a45ca2eadd4e58facd25b6c5fa5b058fbc","Ploki the Pleco","PLOKI",18,NULL
"0x0888cFD669516E72E14F644c2722d41299C6E32c","Chrome","Chrome",18,NULL
"0xadbaf88b39d37dc68775ed1541f1bf83a5a45feb","COTI Token","COTI",18,NULL
"0x2BEE396bD7e1C2c8B5c51D68A3756fe85abA4444","Matt Furie's Cat","OMALLEY",9,NULL
"0x072eAaee97504C30Cec5E05C8Ed80B2E11756bC5","Wrapped Mole","WMOLE",18,NULL
"0xDBb0E30cc9D0EfED56c131564E98F4107F404444","1FourUSD1","NO.1",18,NULL
"0x2a5472268d5b176f5ef28d7a53c8258bbce26313","PEPECASH","PEPECASH",18,"https://assets.coingecko.com/coins/images/36808/small/logo_%288%29.png?1712546406"
"0xE23f9E61615cF6002e099A14908B7fdEeE73C866","Llama","L",18,NULL
"0x2cE724fa3cb3Db740D3294645458e7EE396A4444","Habibi","Habibi",9,NULL
"0xd7E772582ed57280Fa951063c458CAc6601965bA","USDT","USDT",18,NULL
"0xc43C35f31Ec07d7F2c729509fC20918C89bF10a5","Fomo Genshin Impact","FOMOGENSHIN",9,NULL
"0x75968eA2fAdFA013913C53e1a84d335A1d7A3055","SafeMoon Classic","SafeMoonClassic",9,NULL
"0x22aaa16A0e0455Af29332D4eBd060C330EE39E0a","SLOTH","SLOTH",18,NULL
"0xf4c5136dbBEC6a3Bc0907B766d0b5401cEe84444","Lil Bean Token","BEAN",18,NULL
"0xC8b40016F60222c8883217ca837c18347182eE21","Google","Google",3,NULL
"0x63ec19c2983bfb0d43232aa9c792fe6f27f63361","METARACA","METAR",18,NULL
"0xaD1C8185f8321DCBcf52421E08733faAAd4C6B29","Talus","TLS",18,NULL
"0xD32C55Ce5630c99148221678B05DBE2281124444","PEPEXP","PEPEXP",18,NULL
"0x32b407ee915432be6d3f168bc1eff2a6f8b2034c","HODL","HODL",18,"https://dd.dexscreener.com/ds-data/tokens/bsc/0x32b407ee915432be6d3f168bc1eff2a6f8b2034c.png?key=e6e2c8&size=xl"
"0xE023137dc18a7972E4eDE06D97663A70D2304444","Labubufication","LABUBUFY",18,NULL
"0x1C167711359CEC5044Cb58d30Ac8756C87674444","DJusd1","DJ",18,NULL
"0x4F26a90E3E574A56fA137c4CfaD5DB2a7EEa4444","Auto BridgeIQ","BRIDGEIQ",18,NULL
"0xc2e7A242478D3aC6f318fE9e6F115b2b9f85f351","RET","RET",18,NULL
"0xff02448a6330c8898bfb529b753ef1195c574444","Yuzu AI Agents","YUZU",18,NULL
"0xEc3B2E107aA5b8ce4445aE9b295Ea83235204444","PAPAYA","PAPAYA",18,NULL
"0xe5B420cb25f401a47Aca6b7F7aBD6E7790322DaB","SOON","SOON",18,NULL
"0xCE7de646e7208a4Ef112cb6ed5038FA6cC6b12e3","TRON","TRX",6,"https://assets.coingecko.com/coins/images/15468/small/NxLfA-LK_400x400.png?1620915726"
"0xe3AC999fA3374F98AEfc3f71704D52479f79db79","Homer","SIMPSON",2,"https://dd.dexscreener.com/ds-data/tokens/bsc/0xe3ac999fa3374f98aefc3f71704d52479f79db79.png?size=xl"
"0x59818106C86F5DafFd17191F7dB08686C7c48cEB","SLOTH","SLOTH",18,NULL
"0x14d11c5C7787Bd967B9a7F27c9697abF37644444","Alpha Wolf","$$ALPHA",18,NULL
"0x4dc874fb3BB92cda87155cbe2E84c8E0EDdE39FC","BLCK Coin","BLCK",8,NULL
"0x7a816A51e9AC602Fb2e5a5E42E2Bc9CA69Ab4444","KPHNTO","KPHNTO",18,NULL
"0x62f8F5245c5F637Fd1c9d76A33fB89e47f382496","Squid Muu","SQMUU",9,NULL
"0x3bfcb04De48A8F0B6e7719b20438b3B4081A2d2F","Frax USD","FRXUSD",8,NULL
"0xF7FA31bcF1dd4f4580754218B4e2E9A145BEAbAd","Trump Inaugural","$TRUMPIN",18,NULL
"0x7f7dc19C67B021aa9F4414c51bC3466cB7334444","RATS","RATS",18,NULL
"0x2e3e3221299eB06F63a54754Ea1Fa5bCA2fCad1f","CROAK","C",18,NULL
"0xD6b231111945a51C21E93F5d9Cc50B9C622E4444","Just a peace guy","PEACEGUY",18,NULL
"0xA6767eE05D8FD258d1Ec0313fe1CB6a7Ddd6C2a7","Loaded Lions","LION",8,NULL
"0x43a172c44dc55c2b45bf9436cf672850fc8ba046","MetaWar","METAWAR",18,NULL
"0x79f6f6006f6075C6c63A7b9C5ea7629e535a4444","company","COMPANY",18,NULL
"0x1EBdE89a54c881C51196Ac90733CA0a8Bd7c570f","LABUBU","LABUBU",18,NULL
"0x9392b79a56Cf5eF7c9BbDffA978F738976ad986c","BeWealth","BEWL",18,NULL
"0xa1BdB637Eb21ae73D64F7a31227d2B86fbB5728A","Cookie Burn","COOKIEBURN",9,NULL
"0xd735066B75D821cc2970367Cd94233D4e9f74444","Chinese Rizzler","CHIZZLER",18,NULL
"0x2f8823a1b872020D8071cdcbC6841578c6B94444","MAODIE","MEWF",18,"https://dd.dexscreener.com/ds-data/tokens/bsc/0x2f8823a1b872020d8071cdcbc6841578c6b94444.png?size=xl"
"0x92199fe859a638801664d8f5229480ab819eccf1","Codex","CODEX",18,NULL
"0x5630C042932DfAf96c71003C2BE0f7b276764444","pig wif hat","pigwif",18,NULL
"0x2a6b54A3087bdb2C25363bF125DcE3d87b9AC632","BabyBTC","BabyBTC",18,NULL
"0x3cfE02b538dea3fD5B4735F7e0365CB68E5AFfc6","Assisterr AI","ASRR",18,NULL
"0xD6Dfc8e8eCEf1B852987ebBb5F4439f0F687971f","DogeWarriors","DogeWr",9,NULL
"0x89053EbAE70B2AD7CA15cb422f6323aCF2a2d8c7","Flora","FLORA",18,NULL
"0x628D9c336A0B64157de85C4969637Ec3C0294444","Io Sono","IO SONO",18,NULL
"0x9d4Ee49B14aDE66B9f8C70Ad64366768bCeD4444","CatPizza","CATPIZZA",18,NULL
"0xdE83180dD1166D4f8E5c2b7De14A2163b1Bb4a87","Diamond Launch","DLC",18,"https://assets.coingecko.com/coins/images/27323/small/dlc.png?1663320489"
"0x86c9071f38b9BEd4bF34a2C7fAd69019d24E4444","Sky Overlord","SO",18,NULL
"0x310717969B36BabBE823255D2f40837DA94555fd","Coinnect","CNT",18,NULL
"0x140c1b2D4a646f06b1ABEcd06E6903B2Eca6b66a","MOMOHUB","$MOMO",18,NULL
"0x6e6Cfa3F2e4b2c30C18fd9471C9A77a41f814444","Binance Cat","bCat",18,NULL
"0x27A4a80B38B14D2448f88d34c612FA8BD7d34444","Launch on Four","LO4444",18,NULL
"0x63Bd94D39e70C63c2eF18ED7807ABa67436Db7E1","Build On BNB","BOB",18,NULL
"0xA39DD33151FC76864502F9b95976d29E998bC18c","Bulla","BULLA",8,NULL
"0xd118f3759020e9dCcEBa865F3253f5037B0d4444","beeftartare","beeftartare",18,NULL
"0xb10BC15CA75Ce213860226a617944DaD6052FCE8","NEIRO","NRO",9,NULL
"0x059C69053F7fC07B5660FA1011D43C33a8AF4444","Pizza","Pizza",18,NULL
"0xcf62FEFaE47f9B66Cc7024316E1e15e154DD4444","Buy","Buy",18,NULL
"0x59e69094398afbea632f8bd63033bdd2443a3be1","Wise Monkey","MONKY",18,"https://dd.dexscreener.com/ds-data/tokens/bsc/0x59e69094398afbea632f8bd63033bdd2443a3be1.png?key=10da85&size=xl"
"0x86028A0025497cacB748F9899dA32641CeF8df49","SLOTH","SLOTH",18,NULL
"0x2b259395D8339A8E74065Ef938533a57f44d4444","ONLYPUMPS","ONLYPUMPS",18,NULL
"0x156E010e9A962D4E16cd14F1204CE5E312544444","labubu","LBB",18,NULL
"0xA5Bd94fEBc3314913120e0Cb603665Ed7C3Cd609","RugMask","R",18,NULL
"0xaBd834A7823567673e1Ac07635d5D9857b34A8d3","AIFlow Token","AFT",18,"https://dd.dexscreener.com/ds-data/tokens/bsc/0xabd834a7823567673e1ac07635d5d9857b34a8d3.png?key=8a4cc3&size=xl"
"0x6ec8E4D903C328D6f1dee34B599ECa5b6A2e2845","BinkHeroIsHere","BinkHero",18,NULL
"0xa0D7850d244908e1517A6292623Da8fC3e05D91A","Baby Don","BABYDON",18,NULL
"0x3c7C93c3B0488a9D3ab69281Cb9B03dD7aa4a215","Open Network","OPEN",8,NULL
"0xF703805645282368Cb618461285425Fe1CE24444","COBRA COIN","COBRA",18,NULL
"0xDC99591Bea9f347a38d47e3A720aa49ea6514444","OutfitDog","OUTFITDOG",18,NULL
"0x5F6b373AE96d72140E59c0393C61aD6862C04444","Incognito Market","Incognito Market",18,NULL
"0xB0f7a68B086E236CD00fc0C82C79bD86DAB74444","BOB on USD1","BOB",18,NULL
"0x7348d163f8f84941db38e5Eb48D160ABF1414444","KILL SOLANA","KILLSOL",18,NULL
"0xfaA5C5892Fbbf0438308522f6404D48A54254444","Binance Desert","Binance Desert",9,NULL
"0xCd0a07fD12A14d93939eDe032EbC38B831344444","Totoro","TOTORO",18,NULL
"0x45991f06F3e1DA381871793297e537c5F6BB996a","Tether","USDT",18,NULL
"0x0F1222eA7e0389d8a0dff9F9181d42d298E64A83","HUMA","HUMA",18,NULL
"0x736908A496421CF55911da8aD2B3503a6F3a4444","TRUMP MOBILE","TRUMP",18,NULL
"0xee0238bc045d008b2BC6e33477C04620e0cfc493","SOON","SOON",18,NULL
"0x6447002E993bb7D3Ca72f1f000d7522c0C9Db82f","Massive Meme Outbreak","RPG",8,NULL
"0x4F587FC431299E4505CFC344Da571e5511C8Ab87","NovaSwap","NOVA",18,NULL
"0x29a09Dd4b769EE0c81eAc18d0334CbAE6E56823D","Athene Network","ATN",8,NULL
"0xD2d99bD2d068300638EB758ca773491456444444","Goldmane","Goldmane",18,NULL
"0x406102bE2b8D673FF53662018145c2CaeE453050","Home Robot","Yonbo",18,NULL
"0xd1c8F38Bd3C079c5e05394415B2404ff3C607248","PUMP","PUMP COIN",18,NULL
"0x2adfbd00ab5eece36004a4cf1aa97de893fc2629","Eagle Coin","EGC",18,NULL
"0x7FeB6222C545a0c72099D6B7EffcfA6399731cb0","Pi","Pi",3,NULL
"0x0FfAFc90eef5eefAB0F1bc13AFECd6CB2b0ec2De","Google","Google",18,NULL
"0xb73564319CBEc7381cC33e5Af6f57c3fB86d3a56","SLOTH","SLOTH",18,NULL
"0x6768B3F458224bb0D406a6FD0e343044B16C4444","H011yw00d Agent","h011yw00d",18,NULL
"0x85a06afe5e72aaa2c3c09b9e75b91330a3bdf998","SKAI","SKAI",18,NULL
"0x91Df724610E259914C4Ee4def7069ddb72FA3Bc9","Tether USD","USDT",18,NULL
"0xcE4aF6192B785644ce6Ef8C932c638b2500e4444","GOLDlilium","Glili",18,NULL
"0x9B15566DD8aaF7e5892B7759817c6272B2854444","Bottles","B",18,NULL
"0xEFB01672530Fb8D4A832fAa7c7541C8B5b464444","Official Mauritius","MAU",18,NULL
"0x30568ad1aD58D89BD563605a5f97dbD2632003f9","BAYC AI","BAYC",8,NULL
"0x1Ac833ff354553F507Eb8c51D367E8AbA8034444","Starship","Starship",18,NULL
"0x592DCd3e3E634D5453ff6ac6964C0846f7eE61b5","Deep AI","DEEP",8,NULL
"0x0F112Aa930B2cedb7f162dd9191D2Ef479359B87","BabyShibking","BABYSHIIBKING",18,NULL
"0xd9C77b2A949F96f6393Ca3B0B3b58c62e5eDfB4C","Mama Shiba Inu","$MSI",9,NULL
"0xa5da07d176e53968a6593c95ac3fc5c631d7f520","AXP","AXP",18,NULL
"0xFf6a8232085D363aB1eD2145f0016Bb9D732c2Cd","Clustr Labs","CLUSTR",8,NULL
"0x6938AfC26e259CBC9911D8D437e123A73B2d4444","BNB Chain","BNB",18,NULL
"0x554aA189dbC98A64F746F90536e88d49A2890F8f","Hot Whale","HWHALE",18,NULL
"0xb4043d1f577d9983D229BD12720109D961334444","Hal9Ai","Hal9",18,NULL
"0x90caAf5105126403C758aDACBbAF5691bc7d2337","NEM","XEM",18,NULL
"0x3dA5590462524bb937F9Cd9c92667ED5f4211Ee7","solx trump","SOLXTRUMP",9,NULL
"0xF25AeC7f461218c234d1873691e486e019A6dB57","SOON","SOON",18,NULL
"0xdc575c113a6778207D11485F009887911fd24444","bubu","bubu",18,NULL
"0x5b2b3ee2e434fdbd370b3358b4f951e2b12b3aa7","CZ DegenReborn Token","$CZ",18,NULL
"0xa68964FfE9F228db6c5339dE4712F4FFc6D7f471","Pi Network","PI",18,NULL
"0x192c2eA826d70931c41236C3C4Be65663bAb3F8d","USDT","USDT",18,NULL
"0x8B0636c003E161b40c0CFfcF97e6080F653b5EE1","Bupe","B",18,NULL
"0xD8Cfe945A9c08570E5Ae179eF4B1A591D1b74444","Something Building","SMB",18,NULL
"0xC40759d491BB62A5d48Dc6E4FC8d3BdE657F4444","Camel","CAMEL",18,NULL
"0x9988d876d7500646534e2d91b382b1ac4c5a4444","BNB DOGE","BOGE",18,"https://cdn.dexscreener.com/cms/images/70c9a71542b5a99bbdd1fdf2f8d175653e82b44452eb99bc3e195cddb1b3cfce?width=64&height=64&fit=crop&quality=95&format=auto&size=xl"
"0xcbb520772ef301a047807c53ea9733cf650b5ef6","TEX token","TEX",18,NULL
"0x6d0391d6df6d0db4b978f1687f3e4a6eab764516","Binance-Peg EthereumW Token","ETHW",18,NULL
"0x9134be3c6ebcc49c3bfdbdba15390aac47cc2bfa","Baby Lion","BLN",8,NULL
"0xF447A9C391e584e5352EEb3CB4Bac42e68E06A8C","Talking Berry","TBERRY",18,NULL
"0x5DCA17b0447B0Cd1618CCbB52B20836EcF8A4444","New factor","Factor",18,NULL
"0x263dB9f8D5c69AB04826b147a99d20ED3a17100d","Turbo Pig","TRBPIG",18,NULL
"0x1348A2325dfD6Dbb73AA485459cb863B27D74444","BINBUBU","BINBUBU",18,NULL
"0xc4ea5902422c50bde7901a9325421368df2b1ac4","TAI","TAI",18,NULL
"0x32319Aa41c4b73f749cE8c9d824df0E26aedE6c1","SOON","SOON",18,NULL
"0x4ab03a6af0e775D3D11356e9b67923ae60Fc6ED7","SLOTH","SLOTH",18,NULL
"0x9694f6b9f5f558cf977427d2aC79283f25E4396d","ZERIONIX","ZIX",8,NULL
"0x9633122628c5eDf1d76fF58674f0645EEe18Adec","Kast","Kast",18,NULL
"0x66a4dfcD61C9b374891667B8A0b53392a01Aa1c5","Burj Queen","HEYI",18,NULL
"0x58582DE4b45747b305DE99D9B2412721299B4444","Pulitzer","Pulitzer",18,NULL
"0x6A0026772d515bD11cbe3A98c4c3155288c212ED","U","U",18,NULL
"0x6b689aae2b15C301560B1c2988E68FF222C34444","BINANCE SQUARE","BINANCE SQUARE",18,NULL
"0xebAaC9e038f0c970E655436d460a717b9cDa4444","EYC","EYC",18,NULL
"0x1C17653a17c2c69e5FE722Cd4bD3a873E7D86295","Brooklyn","BROOKLYN",9,NULL
"0xeD914b9867F8fa120D61F3eaACB18f965D27C72A","Baby Solana","BABYSOL",8,NULL
"0x9f80F75109b834b5467fa77f9c3c73cAd3AC4444","ScalePlus","SP",18,NULL
"0x6598929fA3A18643FD1E8847d4c66E3AAF6a4444","Animal AI brainrot","Animal Ai",18,NULL
"0x77bd99423427516558522200ce9dE2Ad6bA14444","USD1","USD1",18,NULL
"0x387D372f2fb671C1EB2371df5fC2f3133dbf4444","Happy hasbula","HHS$",18,NULL
"0x5d6db30d6f55c763EBA8f5769CB0f89876e34444","MOMO","MOMO",18,NULL
"0xbba605e455e7fAABdC1024A1F54F818c4A7d4444","VIOLA","VIOLA",18,NULL
"0x500e0C423BeA18b9928e88fCAe3CA3F672A3Bb8d","LayerEdge","EDGEN",18,NULL
"0x5E98fa14E4B8B4445bEa84553631E73AB1624444","SATOBI","STB",18,NULL
"0xDB5DA4Af249002C56e4BBA931290cA5b855652Dc","Eclipse","ES",18,NULL
"0xc07d28f8e9d9b5644676196afe14af09e1c79afd","HoldOn4DearLife","HODL",18,"https://dd.dexscreener.com/ds-data/tokens/bsc/0xc07d28f8e9d9b5644676196afe14af09e1c79afd.png?key=ad9e0f&size=xl"
"0x9Ba5a006fc31d7e2f664017BeBe1DD8b10f24444","Risk","R",18,NULL
"0x621c901a261b27173b0b56c5f4b71633a8431c92","MIMIC","MIMIC",18,NULL
"0x4A9AB6bd5df1E6ce5ADc44ddB0888F8674458A66","Colon","COLON",18,NULL
"0x45787821a0BD5e6bba8E709783C773A386e34D65","GoldenRat","RATS",9,"https://dd.dexscreener.com/ds-data/tokens/bsc/0x45787821a0bd5e6bba8e709783c773a386e34d65.png?key=09b7c7&size=xl"
"0x599eAA67F99727bBe618a8ac122F61A172154444","pixeleagle","pixeleagle",18,NULL
"0x47046f62c7E2D76C24241b202Ca7935903894444","Valor","Valor",18,NULL
"0x7FBDc9FD7e1342788738AE4D77895Fe4aBea4444","FUD","FUD",18,NULL
"0x58009750623D98FcAd442a7503dc236A6e8A851F","Flow","FLOW",18,NULL
"0xcE551C81d9b13eD6cc0Ec8c338E4716Fa3Ab4444","Amazon market cap","Amazon market cap",18,NULL
"0x1C03b8F62f0F31Fe37c41BCF86B647344F424444","ezzid","EZZID",18,NULL
"0xFbf7478679e7657FF8374Fb3861cAD88040D2bC0","scan meme","SCAN",8,NULL
"0x62816E280b3DD912679D1135be7b25B2174C6BbD","Hyper Cow","HCOW",18,NULL
"0x309A871d4539F11FeE5B82be3935f89D05FF3312","LayerEdge","EDGEN",18,NULL
"0x2981478595d4E83Add4f7c8a1D6a00A691Bc4444","Blurredpep","Blurredpep",18,NULL
"0xa2c959a7Fbf6d96eA4170e724D871E0556cd8556","CrazyFox","CRFX",9,NULL
"0xDB811B96989D471B1C045bec35e515eF122e55cA","SOON","SOON",18,NULL
"0xE6917f595aeeEeA93e099c16EA78DC522B54dBeF","Valentine","VALENTINE",18,NULL
"0x3CAF538FF36F10cA3cfd87fc6693615B3c0a54bC","RWA","RWA",18,NULL
"0x5898dFA72Af0502921f9345A11C5732e20d24444","POKASS","POKASS",18,NULL
"0x06E7c40c58762deF1C2f7Ba24ee7b5c63cA0A175","XRay Shibu","XSHIBU",18,NULL
"0x33C12281d47a8f323Bbc29B04aFCA1D4A9fCC068","Build On BNB","BOB",18,NULL
"0x010450460c90147F6bc22d7c1fEf997B1713cEc1","MillionaireMaker","MM",18,NULL
"0x6ec90334d89dbdc89e08a133271be3d104128edb","Wiki Cat","WKC",18,"https://assets.coingecko.com/coins/images/26037/small/Wiki-Logo.png?1655886306"
"0x98c181CE2b9b21A4149B001b069cB446349ee882","BNB AI","BAI",9,NULL
"0xC0DCbb18FFd604055138f04428863F6662DC4444","RUFUS THE GOAT","RUFUS",18,NULL
"0xDB8a0dbc27Eb8CffEC1B6f5C87B02582D0954444","MOONANCE USD1","MOONANCE",18,NULL
"0xF5703E511487BE6a3D10773a49017c262914529b","Allo xyz","ALLO",18,NULL
